Box ,Sample ID,Location name,Collection Date,WEEK OF YEAR,status,PlateNumber,
13c,2104,maple hill,7/11/2015,28,in collection box 13c,2104,B6
13c,2260,maple hill,7/11/2015,28,in collection box 13c,2105,
13c,2261,maple hill,7/11/2015,28,in collection box 13c,2107,
13c,2109,maple hill,7/11/2015,28,in collection box 13c,2109,
13c,2262,maple hill,7/11/2015,28,in collection box 13c,2111,
13c,2112,maple hill,7/11/2015,28,in collection box 13c,2112,
13c,2115,maple hill,7/11/2015,28,in collection box 13c,2115,
13c,2117,maple hill,7/11/2015,28,in collection box 13c,2117,
1B,1610,Hopkinton,7/29/2015,31,collection box 1B,may not have been processed,
1B,1622,Hopkinton,7/20/2015,30,collection box 1B,may not have been processed,
1B,1634,Hopkinton,7/13/2015,29,collection box 1B,may not have been processed,
1C,1450,Hopkinton,8/31/2015,36,in collection box 1C,may not have been processed,
1C,1462,Hopkinton,8/31/2015,36,in collection box 1C,may not have been processed,
6,0003,Hopkinton,6/22/2015,26,in collection box,may not have been processed,
6,0007,Hopkinton,6/15/2015,25,in collection box,may not have been processed,
6,0568,Hopkinton,6/29/2015,27,in collection box,may not have been processed,
11A,1520,massabesic,6/28/2015,26,in collection box 11A,Not In Box,
11A,1529,massabesic,6/28/2015,26,in collection box 11A,Not In Box,
11A,1530,massabesic,6/28/2015,26,in collection box 11A,Not In Box,
12A,0251,willard,7/12/2015,28,in collection box 12A,plate1,D12
12A,0253,willard,7/12/2015,28,in collection box 12A,plate1,F11
12A,0257,willard,7/12/2015,28,in collection box 12A,plate1,E6
12A,0259,willard,7/12/2015,28,in collection box 12A,plate1,B6
12A,0260,willard,7/12/2015,28,in collection box 12A,plate1,E12
12A,0469,willard,7/12/2015,28,in collection box 12A,plate1,G11
12A,0470,willard,6/13/2015,24,in collection box,plate1,C5
12A,0471,willard,6/13/2015,24,in collection box,plate1,D4
12A,0472,willard,6/13/2015,24,in collection box,plate1,E4
12A,0484,willard,6/13/2015,24,in collection box,plate1,B3
12A,0485,willard,6/13/2015,24,in collection box,plate1,C4
12A,0486,willard,6/13/2015,24,in collection box,plate1,A6
12A,0490,willard,6/13/2015,24,in collection box,plate1,A3
12A,0491,willard,6/13/2015,24,in collection box,plate1,C3
12A,0496,willard,6/13/2015,24,in collection box,plate1,D9
12A,0497,willard,6/13/2015,24,in collection box,plate1,G5
12A,0501,willard,6/13/2015,24,in collection box,plate1,E9
12A,0502,willard,6/13/2015,24,in collection box,plate1,D5
13a,0409,maple hill,6/13/2015,24,in collection box 13a,plate1,F10
13a,0414,maple hill,6/13/2015,24,in collection box 13a,plate1,D7
13a,0419,maple hill,6/13/2015,24,in collection box 13a,plate1,C9
13b,2083,maple hill,8/22/2015,34,in collection box 13b,plate1,A9
13b,2084,maple hill,8/22/2015,34,in collection box 13b,plate1,A7
13b,2088,maple hill,8/22/2015,34,in collection box 13b,plate1,B9
13b,2089,maple hill,8/22/2015,34,in collection box 13b,plate1,B7
13c,2108,maple hill,7/11/2015,28,in collection box 13c,plate1,H6
13c,2110,maple hill,7/11/2015,28,in collection box 13c,plate1,D11
13c,2116,maple hill,7/11/2015,28,in collection box 13c,plate1,F7
13c,2254,maple hill,8/1/2015,31,in collection box 13c,plate1,G10
13c,2263,maple hill,7/11/2015,28,in collection box 13c,plate1,E11
14a,0359,brown lane,6/13/2015,24,in collection box 14a,plate1,B8
14a,0360,brown lane,6/13/2015,24,in collection box 14a,plate1,C2
14a,0361,brown lane,6/13/2015,24,in collection box 14a,plate1,A8
14a,0362,brown lane,6/13/2015,24,in collection box 14a,plate1,D2
14B,1878,brown lane,8/22/2015,34,in collection box 14B,plate1,G6
14B,1879,brown lane,8/22/2015,34,in collection box 14B,plate1,H11
14B,1880,brown lane,8/22/2015,34,in collection box 14B,plate1,B12
14B,1883,brown lane,8/22/2015,34,in collection box 14B,plate1,F6
14B,1884,brown lane,8/22/2015,34,in collection box 14B,plate1,H9
14B,1885,brown lane,8/22/2015,34,in collection box 14B,plate1,A12
14c,2030,brown lane,7/11/2015,28,in collection box 14C,plate1,C8
14c,2040,brown lane,7/11/2015,28,in collection box 14C,plate1,F2
14c,2046,brown lane,7/11/2015,28,in collection box 14C,plate1,G9
14c,2050,brown lane,7/11/2015,28,in collection box 14C,plate1,E2
1B,1644,Hopkinton,7/6/2015,28,collection box 1B,plate1,E5
1B,1645,Hopkinton,7/6/2015,28,collection box 1B,plate1,F5
1B,1646,Hopkinton,7/6/2015,28,collection box 1B,plate1,A11
1B,1647,Hopkinton,7/6/2015,28,collection box 1B,plate1,B11
1B,1648,Hopkinton,7/6/2015,28,collection box 1B,plate1,C11
1B,1649,Hopkinton,7/6/2015,28,collection box 1B,plate1,C12
2,0242,fox state,7/12/2015,28,in collection box,plate1,F8
2,0264,fox state,7/12/2015,28,in collection box,plate1,A10
2,0269,fox state,7/12/2015,28,in collection box,plate1,E3
2,0270,fox state,7/12/2015,28,in collection box,plate1,D3
2,0522,fox state,6/13/2015,24,in collection box,plate1,H2
2,0550,fox state,6/13/2015,24,in collection box,plate1,C10
2,0560,fox state,6/13/2015,24,in collection box,plate1,B10
2,0565,fox state,6/13/2015,24,in collection box,plate1,G2
6,0021,Hopkinton,6/8/2015,24,in collection box,plate1,D6
6,0022,Hopkinton,6/8/2015,24,in collection box,plate1,C6
6,0023,Hopkinton,6/8/2015,24,in collection box,plate1,G8
6,0024,Hopkinton,6/8/2015,24,in collection box,plate1,H8
6,0025,Hopkinton,6/8/2015,24,in collection box,plate1,D10
6,0026,Hopkinton,6/8/2015,24,in collection box,plate1,E10
99j,1962,willard,8/23/2015,34,in collection box 99j,plate1,F4
99j,1967,willard,8/23/2015,34,in collection box 99j,plate1,A4
99j,1977,willard,8/23/2015,34,in collection box 99j,plate1,B5
99j,1997,willard,8/23/2015,34,in collection box 99j,plate1,H4
99j,2343,willard,8/23/2015,34,in collection box 99j,plate1,A5
99j,2350,fox state,8/23/2015,34,in collection box 99j,plate1,D8
99j,2352,willard,8/23/2015,34,in collection box 99j,plate1,F9
99j,2358,willard,8/23/2015,34,in collection box 99j,plate1,F3
99j,2362,willard,8/23/2015,34,in collection box 99j,plate1,G3
99j,2365,fox state,8/23/2015,34,in collection box 99j,plate1,B2
99j,2368,willard,8/23/2015,34,in collection box 99j,plate1,H10
99j,2372,willard,8/23/2015,34,in collection box 99j,plate1,G4
99j,2375,fox state,8/23/2015,34,in collection box 99j,plate1,E8
99j,2378,willard,8/23/2015,34,in collection box 99j,plate1,B4
99j,2385,fox state,8/23/2015,34,in collection box 99j,plate1,A2
99j,2387,willard,8/23/2015,34,in collection box 99j,plate1,H3
DRO DNA box 1,0542,fox state,8/9/2015,32,"sample destroyed, gDNA in freezer",plate1,G1
DRO DNA box 1,0543,willard,8/9/2015,32,"sample destroyed, gDNA in freezer",plate1,E1
DRO DNA box 1,0553,willard,8/9/2015,32,"sample destroyed, gDNA in freezer",plate1,A1
DRO DNA box 1,0554,willard,8/9/2015,32,"sample destroyed, gDNA in freezer",plate1,F1
DRO DNA box 1,0559,willard,8/9/2015,32,"sample destroyed, gDNA in freezer",plate1,B1
11A,0461,massabesic,6/13/2015,24,in collection box 11A,plate2,B12
11A,0463,massabesic,6/13/2015,24,in collection box 11A,plate2,C12
11A,0464,massabesic,6/13/2015,24,in collection box 11A,plate2,D12
14a,0408,brown lane,6/20/2015,25,in collection box 14a,plate2,A4
14a,0411,brown lane,6/26/2015,26,in collection box 14a,plate2,G3
14a,0418,brown lane,6/20/2015,25,in collection box 14a,plate2,B4
14a,0426,brown lane,6/26/2015,26,in collection box 14a,plate2,F3
14a,0428,brown lane,6/20/2015,25,in collection box 14a,plate2,C4
14a,0452,brown lane,6/26/2015,26,in collection box 14a,plate2,H3
14a,1871,brown lane,7/4/2015,27,in collection box 14a,plate2,E3
14a,1875,brown lane,7/4/2015,27,in collection box 14a,plate2,D3
14a,1876,brown lane,7/4/2015,27,in collection box 14a,plate2,C3
14B,0431,brown lane,8/29/2015,35,in collection box 14B,plate2,B1
14B,0441,brown lane,8/29/2015,35,in collection box 14B,plate2,A1
14B,0446,brown lane,8/29/2015,35,in collection box 14B,plate2,C1
14B,1889,brown lane,8/14/2015,33,in collection box 14B,plate2,E1
14B,1890,brown lane,8/14/2015,33,in collection box 14B,plate2,F1
14B,1899,brown lane,8/8/2015,32,in collection box 14B,plate2,G1
14B,1900,brown lane,8/8/2015,32,in collection box 14B,plate2,A2
14B,1904,brown lane,8/8/2015,32,in collection box 14B,plate2,H1
14B,1908,brown lane,8/14/2015,33,in collection box 14B,plate2,D1
14c,2008,brown lane,8/1/2015,31,in collection box 14C,plate2,B2
14c,2012,brown lane,8/1/2015,31,in collection box 14C,plate2,C2
14c,2017,brown lane,8/1/2015,31,in collection box 14C,plate2,D2
14c,2029,brown lane,7/18/2015,29,in collection box 14C,plate2,B3
14c,2035,brown lane,7/18/2015,29,in collection box 14C,plate2,A3
14c,2039,brown lane,7/18/2015,29,in collection box 14C,plate2,H2
14c,2044,brown lane,7/25/2015,30,in collection box 14C,plate2,G2
14c,2049,brown lane,7/25/2015,30,in collection box 14C,plate2,E2
14c,2053,brown lane,7/25/2015,30,in collection box 14C,plate2,F2
2,1314,fox state,7/19/2015,29,in collection box,plate2,D7
2,1333,fox state,7/19/2015,29,in collection box,plate2,C7
2,1336,fox state,8/9/2015,32,in collection box 2,plate2,H7
2,1363,fox state,8/9/2015,32,in collection box 2,plate2,G7
2,1447,fox state,8/2/2015,31,in collection box 2,plate2,E7
2,1526,fox state,6/29/2015,27,in collection box,plate2,B7
2,1543,fox state,6/29/2015,27,in collection box,plate2,A7
2,1676,fox state,8/2/2015,31,in collection box 2,plate2,F7
2A,1197,wilton,8/24/2015,35,in collection box 2A,plate2,G11
2A,1198,wilton,8/20/2015,34,in collection box 2A,plate2,D11
2A,1211,wilton,8/20/2015,34,in collection box 2A,plate2,E11
2A,1213,wilton,8/24/2015,35,in collection box 2A,plate2,H11
2A,1214,wilton,8/20/2015,34,in collection box 2A,plate2,F11
2A,1216,wilton,8/24/2015,35,in collection box 2A,plate2,A12
2B,0093,wilton,6/22/2015,26,in collection box 2B,plate2,E9
2B,0094,wilton,6/22/2015,26,in collection box 2B,plate2,F9
2B,0095,wilton,6/22/2015,26,in collection box 2B,plate2,G9
2B,1106,wilton,6/15/2015,25,in collection box 2B,plate2,B9
2B,1110,wilton,6/15/2015,25,in collection box 2B,plate2,C9
2B,1118,wilton,6/15/2015,25,in collection box 2B,plate2,D9
5A,2005,Cornish,8/21/2015,34,in collection box 5A,plate2,F6
5A,2121,Cornish,8/1/2015,31,in collection box 5A,plate2,H5
5A,2122,Cornish,8/21/2015,34,in collection box 5A,plate2,G6
5A,2131,Cornish,8/1/2015,31,in collection box 5A,plate2,A6
5A,2132,Cornish,8/21/2015,34,in collection box 5A,plate2,H6
5A,2135,Cornish,8/16/2015,33,in collection box 5A,plate2,E6
5A,2141,Cornish,8/1/2015,31,in collection box 5A,plate2,B6
5A,2145,Cornish,8/16/2015,33,in collection box 5A,plate2,D6
5A,2154,Cornish,8/16/2015,33,in collection box 5A,plate2,C6
5B,1961,Cornish,7/12/2015,28,in collection box 5B,plate2,B5
5B,1964,Cornish,7/26/2015,30,in collection box 5B,plate2,E5
5B,1965,Cornish,7/12/2015,28,in collection box 5B,plate2,D5
5B,1966,Cornish,7/3/2015,27,in collection box 5B,plate2,H4
5B,1970,Cornish,7/12/2015,28,in collection box 5B,plate2,C5
5B,1974,Cornish,7/26/2015,30,in collection box 5B,plate2,F5
5B,1976,Cornish,7/3/2015,27,in collection box 5B,plate2,G4
5B,1981,Cornish,6/26/2015,26,in collection box 5B,plate2,F4
5B,1984,Cornish,7/26/2015,30,in collection box 5B,plate2,G5
5B,1991,Cornish,6/26/2015,26,in collection box 5B,plate2,E4
5B,2000,Cornish,7/3/2015,27,in collection box 5B,plate2,A5
5B,2336,Cornish,6/26/2015,26,in collection box 5B,plate2,D4
8,0105,wilton,7/10/2015,28,in collection box 8,plate2,C10
8,0106,wilton,7/10/2015,28,in collection box 8,plate2,D10
8,0107,wilton,7/10/2015,28,in collection box 8,plate2,E10
8,0124,wilton,7/19/2015,29,in collection box 8,plate2,F10
8,0125,wilton,7/19/2015,29,in collection box 8,plate2,G10
8,0126,wilton,7/19/2015,29,in collection box 8,plate2,H10
8,1121,wilton,8/13/2015,33,in collection box 8,plate2,A11
8,1122,wilton,8/13/2015,33,in collection box 8,plate2,B11
8,1123,wilton,8/13/2015,33,in collection box 8,plate2,C11
8,1200,wilton,7/2/2015,27,in collection box 8,plate2,H9
8,1201,wilton,7/2/2015,27,in collection box 8,plate2,A10
8,1202,wilton,7/2/2015,27,in collection box 8,plate2,B10
9,0140,Greenfield,6/28/2015,26,in collection box 9,plate2,G8
9,0149,Greenfield,6/28/2015,26,in collection box 9,plate2,H8
9,0158,Greenfield,6/20/2015,25,in collection box 9,plate2,D8
9,0163,Greenfield,6/20/2015,25,in collection box 9,plate2,F8
9,0171,Greenfield,6/14/2015,24,in collection box 9,plate2,C8
9,0173,Greenfield,6/20/2015,25,in collection box 9,plate2,E8
9,0176,Greenfield,6/14/2015,24,in collection box 9,plate2,B8
9,0181,Greenfield,6/14/2015,24,in collection box 9,plate2,A8
10,0188,Swanzey,6/14/2015,24,in collection box 10,plate3,H8
10,0191,Swanzey,6/21/2015,25,in collection box 10,plate3,C9
10,0208,Swanzey,6/14/2015,24,in collection box 10,plate3,A9
10,0209,Swanzey,7/13/2015,29,in collection box 10,plate3,F9
10,0210,Swanzey,7/4/2015,27,in collection box 10,plate3,D9
10,0219,Swanzey,7/13/2015,29,in collection box 10,plate3,G9
10,0220,Swanzey,7/4/2015,27,in collection box 10,plate3,E9
10,0231,Swanzey,6/21/2015,25,in collection box 10,plate3,B9
11A,0258,massabesic,7/11/2015,28,in collection box 11A,plate3,G7
11A,0266,massabesic,7/11/2015,28,in collection box 11A,plate3,E7
11A,1339,massabesic,8/12/2015,33,in collection box 11a,plate3,E8
11A,1354,massabesic,8/12/2015,33,in collection box 11a,plate3,F8
11A,1380,massabesic,7/19/2015,29,in collection box 11A,plate3,H7
11A,1545,massabesic,7/11/2015,28,in collection box 11A,plate3,F7
11A,1692,massabesic,7/26/2015,30,in collection box 11A,plate3,A8
11A,1700,massabesic,7/26/2015,30,in collection box 11A,plate3,B8
11B,0476,massabesic,8/1/2015,31,in collection box 11A,plate3,C8
11B,0504,massabesic,8/1/2015,31,in collection box 11A,plate3,D8
12A,1251,willard,7/19/2015,29,in collection box 12A,plate3,B12
12A,1316,willard,7/19/2015,29,in collection box 12A,plate3,C12
12a,1342,willard,8/9/2015,32,in collection box 12A,plate3,G12
12a,1370,willard,8/9/2015,32,in collection box 12A,plate3,F12
12A,1537,willard,6/29/2015,27,in collection box 12A,plate3,H11
12A,1542,willard,6/29/2015,27,in collection box 12A,plate3,A12
12A,1681,willard,8/2/2015,31,in collection box 12A,plate3,D12
12A,1691,willard,8/2/2015,31,in collection box 12A,plate3,E12
13a,0372,maple hill,6/26/2015,26,in collection box 13a,plate3,A7
13a,0376,maple hill,6/20/2015,25,in collection box 13a,plate3,C7
13a,0381,maple hill,6/26/2015,26,in collection box 13a,plate3,B7
13a,0382,maple hill,6/20/2015,25,in collection box 13a,plate3,D7
13a,0404,maple hill,7/4/2015,27,in collection box 13a,plate3,G6
13a,0405,maple hill,7/4/2015,27,in collection box 13a,plate3,H6
13b,2073,maple hill,8/14/2015,33,in collection box 13b,plate3,F5
13b,2074,maple hill,8/14/2015,33,in collection box 13b,plate3,E5
13b,2099,maple hill,8/29/2015,35,in collection box 13b,plate3,C5
13b,2103,maple hill,8/29/2015,35,in collection box 13b,plate3,D5
13c,2234,maple hill,7/25/2015,30,in collection box 13c,plate3,C6
13c,2239,maple hill,7/25/2015,30,in collection box 13c,plate3,D6
13c,2249,maple hill,7/18/2015,29,in collection box 13c,plate3,F6
13c,2251,maple hill,8/1/2015,31,in collection box 13c,plate3,
13c,2253,maple hill,7/18/2015,29,in collection box 13c,plate3,E6
1A,1704,Hopkinton,8/3/2015,32,in collection box 1A,plate3,C3
1A,1705,Hopkinton,8/3/2015,32,in collection box 1A,plate3,D3
1A,1716,Hopkinton,8/10/2015,33,in collection box 1A,plate3,E3
1A,1717,Hopkinton,8/10/2015,33,in collection box 1A,plate3,F3
1A,1728,Hopkinton,8/17/2015,34,in collection box 1A,plate3,G3
1A,1729,Hopkinton,8/17/2015,34,in collection box 1A,plate3,H3
1A,1740,Hopkinton,8/24/2015,35,in collection box 1A,plate3,A4
1A,1741,Hopkinton,8/24/2015,35,in collection box 1A,plate3,B4
1B,1608,Hopkinton,7/29/2015,31,collection box 1B,plate3,A3
1B,1609,Hopkinton,7/29/2015,31,collection box 1B,plate3,B3
1B,1620,Hopkinton,7/20/2015,30,collection box 1B,plate3,G2
1B,1621,Hopkinton,7/20/2015,30,collection box 1B,plate3,H2
1B,1632,Hopkinton,7/13/2015,29,collection box 1B,plate3,E2
1B,1633,Hopkinton,7/13/2015,29,collection box 1B,plate3,F2
1C,1448,Hopkinton,8/31/2015,36,in collection box 1C,plate3,C4
1C,1449,Hopkinton,8/31/2015,36,in collection box 1C,plate3,D4
1C,1460,Hopkinton,9/9/2015,37,in collection box 1C,plate3,E4
1C,1461,Hopkinton,9/9/2015,37,in collection box 1C,plate3,F4
1C,1472,Hopkinton,9/18/2015,38,in collection box 1C,plate3,G4
1C,1473,Hopkinton,9/18/2015,38,in collection box 1C,plate3,H4
1C,1484,Hopkinton,9/23/2015,39,in collection box 1C,plate3,A5
1C,1485,Hopkinton,9/23/2015,39,in collection box 1C,plate3,B5
4A,1255,Swanzey,7/22/2015,30,in collection box 4A,plate3,A10
4A,1265,Swanzey,7/22/2015,30,in collection box 4A,plate3,H9
4A,1277,Swanzey,7/27/2015,31,in collection box 4A,plate3,B10
4A,1278,Swanzey,7/27/2015,31,in collection box 4A,plate3,C10
4A,1298,Swanzey,8/4/2015,32,in collection box 4A,plate3,D10
4A,1302,Swanzey,8/4/2015,32,in collection box 4A,plate3,E10
4C,1039,Swanzey,8/26/2015,35,in collection box 4c,plate3,F10
4C,1049,Swanzey,8/7/2015,32,in collection box 4c,plate3,
4C,1051,Swanzey,8/7/2015,32,in collection box 4c,plate3,
4C,1067,Swanzey,8/11/2015,33,in collection box 4c,plate3,D11
4C,1071,Swanzey,8/11/2015,33,in collection box 4c,plate3,E11
4C,1073,Swanzey,8/26/2015,35,in collection box 4c,plate3,G10
4C,1078,Swanzey,9/9/2015,37,in collection box 4c,plate3,H10
4C,1079,Swanzey,8/20/2015,34,in collection box 4c,plate3,G11
4C,1084,Swanzey,8/20/2015,34,in collection box 4c,plate3,F11
4C,1087,Swanzey,9/9/2015,37,in collection box 4c,plate3,A11
6,0001,Hopkinton,6/22/2015,26,in collection box,plate3,H1
6,0002,Hopkinton,6/22/2015,26,in collection box,plate3,A2
6,0005,Hopkinton,6/15/2015,25,in collection box,plate3,E1
6,0006,Hopkinton,6/15/2015,25,in collection box,plate3,F1
6,0566,Hopkinton,6/29/2015,27,in collection box,plate3,C2
6,0567,Hopkinton,6/29/2015,27,in collection box,plate3,D2
9,0136,Greenfield,7/5/2015,27,in collection box 9,plate3,B1
9,0139,Greenfield,6/28/2015,26,in collection box 9,plate3,A1
9,0150,Greenfield,7/5/2015,27,in collection box 9,plate3,C1
9,0155,Greenfield,7/5/2015,27,in collection box 9,plate3,D1
13b,2067,maple hill,8/8/2015,32,in collection box 13b,plate3 ,G5
13b,2068,maple hill,8/8/2015,32,in collection box 13b,plate3 ,H5
10,0193,Swanzey,6/14/2015,24,in collection box 10,plate4,E8
10,0198,Swanzey,6/14/2015,24,in collection box 10,plate4,E3
10,0201,Swanzey,6/21/2015,25,in collection box 10,plate4,E12
10,0203,Swanzey,6/14/2015,24,in collection box 10,plate4,E10
10,0212,Swanzey,6/14/2015,24,in collection box 10,plate4,E1
10,0213,Swanzey,6/14/2015,24,in collection box 10,plate4,E9
10,0218,Swanzey,6/14/2015,24,in collection box 10,plate4,E5
10,0222,Swanzey,6/14/2015,24,in collection box 10,plate4,E2
10,0223,Swanzey,6/14/2015,24,in collection box 10,plate4,E7
10,0226,Swanzey,6/21/2015,25,in collection box 10,plate4,E11
10,0227,Swanzey,6/14/2015,24,in collection box 10,plate4,E6
10,0228,Swanzey,6/14/2015,24,in collection box 10,plate4,E4
11A,0271,massabesic,7/11/2015,28,in collection box 11A,plate4,C4
11A,0454,massabesic,6/13/2015,24,in collection box 11A,plate4,C1
11A,0467,massabesic,7/11/2015,28,in collection box 11A,plate4,C5
11A,1496,massabesic,6/28/2015,26,in collection box 11A,plate4,C12
11A,1500,massabesic,6/28/2015,26,in collection box 11A,plate4,C6
11A,1505,massabesic,6/28/2015,26,in collection box 11A,plate4,C10
11A,1510,massabesic,6/28/2015,26,in collection box 11A,plate4,C7
11A,1515,massabesic,6/28/2015,26,in collection box 11A,plate4,C8
11A,1525,massabesic,6/28/2015,26,in collection box 11A,plate4,C9
11A,1535,massabesic,6/28/2015,26,in collection box 11A,plate4,C11
11A,1544,massabesic,6/28/2015,26,in collection box 11A,plate4,C3
11A,9999,massabesic,6/13/2015,24,in collection box 11A,plate4,C2
12A,1497,willard,6/29/2015,27,in collection box 12A,plate4,H6
12A,1501,willard,6/29/2015,27,in collection box 12A,plate4,H12
12A,1502,willard,6/29/2015,27,in collection box 12A,plate4,H4
12A,1507,willard,6/29/2015,27,in collection box 12A,plate4,H5
12A,1508,willard,6/29/2015,27,in collection box 12A,plate4,H11
12A,1513,willard,6/29/2015,27,in collection box 12A,plate4,H3
12A,1517,willard,6/29/2015,27,in collection box 12A,plate4,H9
12A,1523,willard,6/29/2015,27,in collection box 12A,plate4,H2
12A,1527,willard,6/29/2015,27,in collection box 12A,plate4,H1
12A,1528,willard,6/29/2015,27,in collection box 12A,plate4,H10
12A,1533,willard,6/29/2015,27,in collection box 12A,plate4,H7
12A,1538,willard,6/29/2015,27,in collection box 12A,plate4,H8
15A,1573,gilsum,7/26/2015,30,in collection box 15A,plate4,F12
15A,1575,gilsum,10/14/2015,42,in collection box 15A,plate4,F1
15A,1577,gilsum,10/14/2015,42,in collection box 15A,plate4,F4
15A,1578,gilsum,10/14/2015,42,in collection box 15A,plate4,F11
15A,1580,gilsum,10/14/2015,42,in collection box 15A,plate4,F6
15A,1581,gilsum,10/14/2015,42,in collection box 15A,plate4,F7
15A,1585,gilsum,10/14/2015,42,in collection box 15A,plate4,F2
15A,1586,gilsum,10/14/2015,42,in collection box 15A,plate4,F9
15A,1587,gilsum,10/14/2015,42,in collection box 15A,plate4,F10
15A,1590,gilsum,10/14/2015,42,in collection box 15A,plate4,F8
15A,1591,gilsum,10/14/2015,42,in collection box 15A,plate4,F3
15A,1596,gilsum,10/14/2015,42,in collection box 15A,plate4,F5
2,0520,fox state,6/13/2015,24,in collection box,plate4,G7
2,0521,fox state,6/13/2015,24,in collection box,plate4,G6
2,0530,fox state,6/13/2015,24,in collection box,plate4,G4
2,0531,fox state,6/13/2015,24,in collection box,plate4,G3
2,0532,fox state,6/13/2015,24,in collection box,plate4,G5
2,0540,fox state,6/13/2015,24,in collection box,plate4,G2
2,0545,fox state,6/13/2015,24,in collection box,plate4,G1
2,0555,fox state,6/13/2015,24,in collection box,plate4,G8
2,1511,fox state,6/29/2015,27,in collection box,plate4,G9
2,1521,fox state,6/29/2015,27,in collection box,plate4,G10
2,1522,fox state,6/29/2015,27,in collection box,plate4,G11
2,1532,fox state,6/29/2015,27,in collection box,plate4,G12
2B,1100,wilton,6/15/2015,25,in collection box 2B,plate4,D9
2B,1101,wilton,6/15/2015,25,in collection box 2B,plate4,D10
2B,1103,wilton,6/15/2015,25,in collection box 2B,plate4,D10
2B,1104,wilton,6/15/2015,25,in collection box 2B,plate4,D11
2B,1107,wilton,6/15/2015,25,in collection box 2B,plate4,D6
2B,1108,wilton,6/15/2015,25,in collection box 2B,plate4,D4
2B,1109,wilton,6/15/2015,25,in collection box 2B,plate4,D2
2B,1112,wilton,6/15/2015,25,in collection box 2B,plate4,D12
2B,1113,wilton,6/15/2015,25,in collection box 2B,plate4,D8
2B,1114,wilton,6/15/2015,25,in collection box 2B,plate4,D5
2B,1119,wilton,6/15/2015,25,in collection box 2B,plate4,D3
2B,1120,wilton,6/15/2015,25,in collection box 2B,plate4,D7
5B,1960,Cornish,7/12/2015,28,in collection box 5B,plate4,A11
5B,1969,Cornish,7/12/2015,28,in collection box 5B,plate4,A12
5B,1971,Cornish,6/26/2015,26,in collection box 5B,plate4,A1
5B,1975,Cornish,7/12/2015,28,in collection box 5B,plate4,A7
5B,1980,Cornish,7/3/2015,27,in collection box 5B,plate4,A6
5B,1985,Cornish,7/12/2015,28,in collection box 5B,plate4,A8
5B,1986,Cornish,6/26/2015,26,in collection box 5B,plate4,A4
5B,1990,Cornish,7/3/2015,27,in collection box 5B,plate4,A5
5B,1995,Cornish,7/12/2015,28,in collection box 5B,plate4,A9
5B,1996,Cornish,6/26/2015,26,in collection box 5B,plate4,A3
5B,2339,Cornish,7/12/2015,28,in collection box 5B,plate4,A10
5B,2340,Cornish,6/26/2015,26,in collection box 5B,plate4,A2
9,0146,Greenfield,6/14/2015,24,in collection box 9,plate4,B9
9,0151,Greenfield,6/14/2015,24,in collection box 9,plate4,B6
9,0152,Greenfield,6/14/2015,24,in collection box 9,plate4,B7
9,0153,Greenfield,6/20/2015,25,in collection box 9,plate4,B10
9,0156,Greenfield,6/14/2015,24,in collection box 9,plate4,B5
9,0157,Greenfield,6/14/2015,24,in collection box 9,plate4,B8
9,0161,Greenfield,6/14/2015,24,in collection box 9,plate4,B3
9,0162,Greenfield,6/14/2015,24,in collection box 9,plate4,B4
9,0166,Greenfield,6/14/2015,24,in collection box 9,plate4,B2
9,0167,Greenfield,6/20/2015,25,in collection box 9,plate4,B12
9,0172,Greenfield,6/14/2015,24,in collection box 9,plate4,B1
9,0182,Greenfield,6/20/2015,25,in collection box 9,plate4,B11
10,0185,Swanzey,7/4/2015,27,in collection box 10,plate5,E11
10,0186,Swanzey,6/21/2015,25,in collection box 10,plate5,E2
10,0190,Swanzey,6/21/2015,25,in collection box 10,plate5,E6
10,0192,Swanzey,7/4/2015,27,in collection box 10,plate5,E9
10,0196,Swanzey,6/21/2015,25,in collection box 10,plate5,E5
10,0200,Swanzey,6/21/2015,25,in collection box 10,plate5,E8
10,0205,Swanzey,7/4/2015,27,in collection box 10,plate5,E12
10,0206,Swanzey,6/21/2015,25,in collection box 10,plate5,E7
10,0211,Swanzey,6/21/2015,25,in collection box 10,plate5,E4
10,0216,Swanzey,6/21/2015,25,in collection box 10,plate5,E1
10,0230,Swanzey,7/4/2015,27,in collection box 10,plate5,E10
11A,0262,massabesic,7/11/2015,28,in collection box 11A,plate5,C5
11A,0267,massabesic,7/11/2015,28,in collection box 11A,plate5,C1
11A,0268,massabesic,7/11/2015,28,in collection box 11A,plate5,C4
11A,0468,massabesic,7/11/2015,28,in collection box 11A,plate5,C6
11A,1372,massabesic,7/19/2015,29,in collection box 11A,plate5,C11
11A,1378,massabesic,7/19/2015,29,in collection box 11A,plate5,C10
11A,1382,massabesic,7/19/2015,29,in collection box 11A,plate5,C12
11A,1383,massabesic,7/19/2015,29,in collection box 11A,plate5,C9
11A,1531,massabesic,7/11/2015,28,in collection box 11A,plate5,C3
11A,1534,massabesic,7/11/2015,28,in collection box 11A,plate5,C7
11A,1541,massabesic,7/11/2015,28,in collection box 11A,plate5,C2
13a,0374,maple hill,6/20/2015,25,in collection box 13a,plate5,H10
13a,0375,maple hill,6/20/2015,25,in collection box 13a,plate5,H11
13a,0391,maple hill,6/20/2015,25,in collection box 13a,plate5,H12
13a,0424,maple hill,6/13/2015,24,in collection box 13a,plate5,H1
13a,0434,maple hill,6/13/2015,24,in collection box 13a,plate5,H3
13a,0439,maple hill,6/13/2015,24,in collection box 13a,plate5,H2
13a,0440,maple hill,6/13/2015,24,in collection box 13a,plate5,H8
13a,0444,maple hill,6/13/2015,24,in collection box 13a,plate5,H5
13a,0445,maple hill,6/13/2015,24,in collection box 13a,plate5,H4
13a,0449,maple hill,6/13/2015,24,in collection box 13a,plate5,H9
13a,0450,maple hill,6/13/2015,24,in collection box 13a,plate5,H6
15A,1572,gilsum,7/26/2015,30,in collection box 15A,plate5,F2
15A,1582,gilsum,7/26/2015,30,in collection box 15A,plate5,F3
15A,1583,gilsum,7/26/2015,30,in collection box 15A,plate5,F11
15A,1588,gilsum,7/26/2015,30,in collection box 15A,plate5,F9
15A,1592,gilsum,7/26/2015,30,in collection box 15A,plate5,F6
15A,1593,gilsum,7/26/2015,30,in collection box 15A,plate5,F1
15A,1598,gilsum,7/26/2015,30,in collection box 15A,plate5,F8
15A,1602,gilsum,7/26/2015,30,in collection box 15A,plate5,F5
15A,1603,gilsum,7/26/2015,30,in collection box 15A,plate5,F10
15A,1607,gilsum,7/26/2015,30,in collection box 15A,plate5,F7
15A,0606,gilsum,7/26/2015,30,in collection box 15A,plate5,F4
2B,0096,wilton,6/22/2015,26,in collection box 2B,plate5,D3
2B,0097,wilton,6/22/2015,26,in collection box 2B,plate5,D5
2B,0098,wilton,6/22/2015,26,in collection box 2B,plate5,D6
2B,0099,wilton,6/22/2015,26,in collection box 2B,plate5,D7
2B,0100,wilton,6/22/2015,26,in collection box 2B,plate5,D8
2B,0101,wilton,6/22/2015,26,in collection box 2B,plate5,D9
2B,0102,wilton,6/22/2015,26,in collection box 2B,plate5,D10
2B,0103,wilton,6/22/2015,26,in collection box 2B,plate5,D11
2B,0104,wilton,6/22/2015,26,in collection box 2B,plate5,D12
2B,1099,wilton,6/15/2015,25,in collection box 2B,plate5,D1
2B,1111,wilton,6/15/2015,25,in collection box 2B,plate5,D2
5B,1959,Cornish,7/26/2015,30,in collection box 5B,plate5,A7
5B,1963,Cornish,7/26/2015,30,in collection box 5B,plate5,A12
5B,1968,Cornish,7/26/2015,30,in collection box 5B,plate5,A8
5B,1978,Cornish,7/26/2015,30,in collection box 5B,plate5,A9
5B,1979,Cornish,7/12/2015,28,in collection box 5B,plate5,A1
5B,1988,Cornish,7/26/2015,30,in collection box 5B,plate5,A10
5B,1989,Cornish,7/12/2015,28,in collection box 5B,plate5,A2
5B,1994,Cornish,7/26/2015,30,in collection box 5B,plate5,A4
5B,1998,Cornish,7/26/2015,30,in collection box 5B,plate5,A11
5B,1999,Cornish,7/12/2015,28,in collection box 5B,plate5,A3
5B,2338,Cornish,7/26/2015,30,in collection box 5B,plate5,A6
6,0008,Hopkinton,6/15/2015,25,in collection box,plate5,G7
6,0009,Hopkinton,6/15/2015,25,in collection box,plate5,G8
6,0010,Hopkinton,6/15/2015,25,in collection box,plate5,G9
6,0011,Hopkinton,6/15/2015,25,in collection box,plate5,G10
6,0012,Hopkinton,6/15/2015,25,in collection box,plate5,G11
6,0013,Hopkinton,6/15/2015,25,in collection box,plate5,G12
6,0027,Hopkinton,6/8/2015,24,in collection box,plate5,G1
6,0028,Hopkinton,6/8/2015,24,in collection box,plate5,G2
6,0029,Hopkinton,6/8/2015,24,in collection box,plate5,G3
6,0030,Hopkinton,6/8/2015,24,in collection box,plate5,G4
6,0031,Hopkinton,6/8/2015,24,in collection box,plate5,G5
6,0032,Hopkinton,6/8/2015,24,in collection box,plate5,G6
9,0137,Greenfield,6/20/2015,25,in collection box 9,plate5,B1
9,0138,Greenfield,6/20/2015,25,in collection box 9,plate5,B6
9,0143,Greenfield,6/20/2015,25,in collection box 9,plate5,B4
9,0144,Greenfield,6/28/2015,26,in collection box 9,plate5,B11
9,0145,Greenfield,6/28/2015,26,in collection box 9,plate5,B8
9,0147,Greenfield,6/20/2015,25,in collection box 9,plate5,B5
9,0148,Greenfield,6/20/2015,25,in collection box 9,plate5,B3
9,0159,Greenfield,6/28/2015,26,in collection box 9,plate5,B7
9,0177,Greenfield,6/20/2015,25,in collection box 9,plate5,B2
9,0178,Greenfield,6/28/2015,26,in collection box 9,plate5,B9
9,0183,Greenfield,6/28/2015,26,in collection box 9,plate5,B12
11A,1376,massabesic,7/19/2015,29,in collection box 11A,plate6,
11A,1379,massabesic,7/19/2015,29,in collection box 11A,plate6,
11A,1381,massabesic,7/19/2015,29,in collection box 11A,plate6,
11A,1695,massabesic,7/26/2015,30,in collection box 11A,plate6,
11A,1697,massabesic,7/26/2015,30,in collection box 11A,plate6,
11A,1702,massabesic,7/26/2015,30,in collection box 11A,plate6,
11B,0478,massabesic,8/1/2015,31,in collection box 11A,plate6,
11B,0499,massabesic,8/1/2015,31,in collection box 11A,plate6,
13b,2064,maple hill,8/8/2015,32,in collection box 13b,plate6,
13b,2069,maple hill,8/8/2015,32,in collection box 13b,plate6,
13b,2072,maple hill,8/14/2015,33,in collection box 13b,plate6,
13b,2078,maple hill,8/14/2015,33,in collection box 13b,plate6,
13b,2079,maple hill,8/14/2015,33,in collection box 13b,plate6,
13b,2081,maple hill,8/22/2015,34,in collection box 13b,plate6,
13b,2082,maple hill,8/22/2015,34,in collection box 13b,plate6,
13b,2087,maple hill,8/22/2015,34,in collection box 13b,plate6,
13b,2093,maple hill,8/29/2015,35,in collection box 13b,plate6,
13b,2098,maple hill,8/29/2015,35,in collection box 13b,plate6,
13b,2102,maple hill,8/29/2015,35,in collection box 13b,plate6,
14B,0436,brown lane,8/29/2015,35,in collection box 14B,plate6,
14B,0451,brown lane,8/29/2015,35,in collection box 14B,plate6,
14B,1881,brown lane,8/22/2015,34,in collection box 14B,plate6,
14B,1886,brown lane,8/22/2015,34,in collection box 14B,plate6,
14B,1887,brown lane,8/22/2015,34,in collection box 14B,plate6,
14B,1891,brown lane,8/14/2015,33,in collection box 14B,plate6,
14B,1901,brown lane,8/8/2015,32,in collection box 14B,plate6,
14B,1905,brown lane,8/8/2015,32,in collection box 14B,plate6,
14B,1910,brown lane,8/14/2015,33,in collection box 14B,plate6,
14B,8887,brown lane,8/14/2015,33,in collection box 14B,plate6,
14B,0421,brown lane,8/29/2015,35,in collection box 14B,plate6,
1B,1635,Hopkinton,7/13/2015,29,collection box 1B,plate6,
1B,1636,Hopkinton,7/13/2015,29,collection box 1B,plate6,
1B,1650,Hopkinton,7/6/2015,28,collection box 1B,plate6,
1B,1651,Hopkinton,7/6/2015,28,collection box 1B,plate6,
1B,1652,Hopkinton,7/6/2015,28,collection box 1B,plate6,
2,0241,fox state,7/12/2015,28,in collection box,plate6,
2,0243,fox state,7/12/2015,28,in collection box,plate6,
2,0248,fox state,7/12/2015,28,in collection box,plate6,
2,1245,fox state,7/19/2015,29,in collection box,plate6,
2,1304,fox state,7/19/2015,29,in collection box,plate6,
2,1318,fox state,7/19/2015,29,in collection box,plate6,
2,1444,fox state,8/2/2015,31,in collection box 2,plate6,
2,1506,fox state,6/29/2015,27,in collection box,plate6,
2,1512,fox state,6/29/2015,27,in collection box,plate6,
2,1516,fox state,6/29/2015,27,in collection box,plate6,
2,1672,fox state,8/2/2015,31,in collection box 2,plate6,
5A,2125,Cornish,8/16/2015,33,in collection box 5A,plate6,
5A,2127,Cornish,8/21/2015,34,in collection box 5A,plate6,
5A,2137,Cornish,8/21/2015,34,in collection box 5A,plate6,
5A,2142,Cornish,8/21/2015,34,in collection box 5A,plate6,
5A,2147,Cornish,8/21/2015,34,in collection box 5A,plate6,
5A,2149,Cornish,8/16/2015,33,in collection box 5A,plate6,
5A,2151,Cornish,8/1/2015,31,in collection box 5A,plate6,
5A,2155,Cornish,8/1/2015,31,in collection box 5A,plate6,
5A,2330,Cornish,8/1/2015,31,in collection box 5A,plate6,
5A,2331,Cornish,8/16/2015,33,in collection box 5A,plate6,
5A,2334,Cornish,8/21/2015,34,in collection box 5A,plate6,
6,0004,Hopkinton,6/22/2015,26,in collection box,plate6,
6,0017,Hopkinton,6/22/2015,26,in collection box,plate6,
6,0018,Hopkinton,6/22/2015,26,in collection box,plate6,
6,0569,Hopkinton,6/29/2015,27,in collection box,plate6,
6,0570,Hopkinton,6/29/2015,27,in collection box,plate6,
6,0571,Hopkinton,6/29/2015,27,in collection box,plate6,
8,0108,wilton,7/10/2015,28,in collection box 8,plate6,
8,0109,wilton,7/10/2015,28,in collection box 8,plate6,
8,0110,wilton,7/10/2015,28,in collection box 8,plate6,
8,0127,wilton,7/19/2015,29,in collection box 8,plate6,
8,0128,wilton,7/19/2015,29,in collection box 8,plate6,
8,0129,wilton,7/19/2015,29,in collection box 8,plate6,
8,1124,wilton,8/13/2015,33,in collection box 8,plate6,
8,1125,wilton,8/13/2015,33,in collection box 8,plate6,
8,1203,wilton,7/2/2015,27,in collection box 8,plate6,
8,1204,wilton,7/2/2015,27,in collection box 8,plate6,
8,1205,wilton,7/2/2015,27,in collection box 8,plate6,
9,0141,Greenfield,6/28/2015,26,in collection box 9,plate6,
9,0154,Greenfield,6/28/2015,26,in collection box 9,plate6,
9,0160,Greenfield,7/5/2015,27,in collection box 9,plate6,
9,0164,Greenfield,6/28/2015,26,in collection box 9,plate6,
9,0165,Greenfield,7/5/2015,27,in collection box 9,plate6,
9,0169,Greenfield,7/5/2015,27,in collection box 9,plate6,
9,0170,Greenfield,7/5/2015,27,in collection box 9,plate6,
9,0174,Greenfield,6/28/2015,26,in collection box 9,plate6,
9,0175,Greenfield,7/5/2015,27,in collection box 9,plate6,
9,0179,Greenfield,7/5/2015,27,in collection box 9,plate6,
9,0180,Greenfield,7/5/2015,27,in collection box 9,plate6,
17B,0455,brown lane,5/31/2015,22,in collection box,unknown,unknown
17B,0456,brown lane,5/31/2015,22,in collection box,unknown,unknown
17B,0457,brown lane,5/31/2015,22,in collection box,unknown,unknown
17B,0458,brown lane,5/31/2015,22,in collection box,unknown,unknown
17B,0459,brown lane,5/31/2015,22,in collection box,unknown,unknown
17B,0460,brown lane,5/31/2015,22,in collection box,unknown,unknown
10,0184,Swanzey,7/13/2015,29,in collection box 10,,
10,0187,Swanzey,7/13/2015,29,in collection box 10,,
10,0189,Swanzey,7/4/2015,27,in collection box 10,,
10,0194,Swanzey,7/13/2015,29,in collection box 10,,
10,0197,Swanzey,7/13/2015,29,in collection box 10,,
10,0199,Swanzey,7/4/2015,27,in collection box 10,,
10,0202,Swanzey,7/4/2015,27,in collection box 10,,
10,0204,Swanzey,7/13/2015,29,in collection box 10,,
10,0207,Swanzey,7/13/2015,29,in collection box 10,,
10,0215,Swanzey,7/4/2015,27,in collection box 10,,
10,0217,Swanzey,7/13/2015,29,in collection box 10,,
10,0224,Swanzey,7/13/2015,29,in collection box 10,,
10,0225,Swanzey,7/4/2015,27,in collection box 10,,
10,0229,Swanzey,7/13/2015,29,in collection box 10,,
11A,1337,massabesic,8/12/2015,33,in collection box 11a,,
11A,1343,massabesic,8/12/2015,33,in collection box 11a,,
11A,1345,massabesic,8/12/2015,33,in collection box 11a,,
11A,1346,massabesic,8/12/2015,33,in collection box 11a,,
11A,1348,massabesic,8/12/2015,33,in collection box 11a,,
11A,1349,massabesic,8/12/2015,33,in collection box 11a,,
11A,1350,massabesic,8/12/2015,33,in collection box 11a,,
11A,1351,massabesic,8/12/2015,33,in collection box 11a,,
11A,1352,massabesic,8/12/2015,33,in collection box 11a,,
11A,1355,massabesic,8/12/2015,33,in collection box 11a,,
11A,1371,massabesic,7/19/2015,29,in collection box 11A,,
11A,1373,massabesic,7/19/2015,29,in collection box 11A,,
11A,1374,massabesic,7/19/2015,29,in collection box 11A,,
11A,1377,massabesic,7/19/2015,29,in collection box 11A,,
11A,1693,massabesic,7/26/2015,30,in collection box 11A,,
11A,1694,massabesic,7/26/2015,30,in collection box 11A,,
11A,1696,massabesic,7/26/2015,30,in collection box 11A,,
11A,1698,massabesic,7/26/2015,30,in collection box 11A,,
11A,1699,massabesic,7/26/2015,30,in collection box 11A,,
11A,1701,massabesic,7/26/2015,30,in collection box 11A,,
11A,1703,massabesic,7/26/2015,30,in collection box 11A,,
11B,0474,massabesic,8/1/2015,31,in collection box 11A,,
11B,0479,massabesic,8/1/2015,31,in collection box 11A,,
11B,0481,massabesic,8/1/2015,31,in collection box 11A,,
11B,0482,massabesic,8/1/2015,31,in collection box 11A,,
11B,0487,massabesic,8/1/2015,31,in collection box 11A,,
11B,0492,massabesic,8/1/2015,31,in collection box 11A,,
11B,0495,massabesic,8/1/2015,31,in collection box 11A,,
11B,0503,massabesic,8/1/2015,31,in collection box 11A,,
12A,0245,willard,7/12/2015,28,in collection box 12A,,
12A,0249,willard,7/12/2015,28,in collection box 12A,,
12A,0250,willard,7/12/2015,28,in collection box 12A,,
12A,0254,willard,7/12/2015,28,in collection box 12A,,
12A,0255,willard,7/12/2015,28,in collection box 12A,,
12A,0261,willard,7/12/2015,28,in collection box 12A,,
12A,0511,willard,5/31/2015,22,in collection box,,
12A,0512,willard,5/31/2015,22,in collection box,,
12A,0513,willard,5/31/2015,22,in collection box,,
12A,0514,willard,5/31/2015,22,in collection box,,
12a,0549,willard,8/9/2015,32,in collection box 12A,,
12A,1242,willard,7/19/2015,29,in collection box 12A,,
12A,1247,willard,7/19/2015,29,in collection box 12A,,
12A,1252,willard,7/19/2015,29,in collection box 12A,,
12A,1306,willard,7/19/2015,29,in collection box 12A,,
12A,1310,willard,7/19/2015,29,in collection box 12A,,
12A,1311,willard,7/19/2015,29,in collection box 12A,,
12A,1321,willard,7/19/2015,29,in collection box 12A,,
12A,1326,willard,7/19/2015,29,in collection box 12A,,
12A,1331,willard,7/19/2015,29,in collection box 12A,,
12A,1335,willard,7/19/2015,29,in collection box 12A,,
12a,1338,willard,8/9/2015,32,in collection box 12A,,
12a,1341,willard,8/9/2015,32,in collection box 12A,,
12a,1361,willard,8/9/2015,32,in collection box 12A,,
12a,1362,willard,8/9/2015,32,in collection box 12A,,
12a,1364,willard,8/9/2015,32,in collection box 12A,,
12a,1366,willard,8/9/2015,32,in collection box 12A,,
12a,1367,willard,8/9/2015,32,in collection box 12A,,
12a,1368,willard,8/9/2015,32,in collection box 12A,,
12a,1369,willard,8/9/2015,32,in collection box 12A,,
12A,1504,willard,6/29/2015,27,in collection box 12A,,
12A,1509,willard,6/29/2015,27,in collection box 12A,,
12A,1514,willard,6/29/2015,27,in collection box 12A,,
12A,1518,willard,6/29/2015,27,in collection box 12A,,
12A,1519,willard,6/29/2015,27,in collection box 12A,,
12A,1524,willard,6/29/2015,27,in collection box 12A,,
12A,1680,willard,8/2/2015,31,in collection box 12A,,
12A,1682,willard,8/2/2015,31,in collection box 12A,,
12A,1683,willard,8/2/2015,31,in collection box 12A,,
12A,1684,willard,8/2/2015,31,in collection box 12A,,
12A,1685,willard,8/2/2015,31,in collection box 12A,,
12A,1686,willard,8/2/2015,31,in collection box 12A,,
12A,1687,willard,8/2/2015,31,in collection box 12A,,
12A,1688,willard,8/2/2015,31,in collection box 12A,,
12A,1689,willard,8/2/2015,31,in collection box 12A,,
12A,1690,willard,8/2/2015,31,in collection box 12A,,
12A,2342,willard,8/17/2015,34,in collection box 12a,,
12A,2347,willard,8/17/2015,34,in collection box 12a,,
12A,2351,willard,8/17/2015,34,in collection box 12a,,
12A,2357,willard,8/17/2015,34,in collection box 12a,,
12A,2361,willard,8/17/2015,34,in collection box 12a,,
12A,2366,willard,8/17/2015,34,in collection box 12a,,
12A,2367,willard,8/17/2015,34,in collection box 12a,,
12A,2371,willard,8/17/2015,34,in collection box 12a,,
12A,2377,willard,8/17/2015,34,in collection box 12a,,
12A,2381,willard,8/17/2015,34,in collection box 12a,,
12A,2382,willard,8/17/2015,34,in collection box 12a,,
12A,2386,willard,8/17/2015,34,in collection box 12a,,
13a,0370,maple hill,6/20/2015,25,in collection box 13a,,
13a,0371,maple hill,6/20/2015,25,in collection box 13a,,
13a,0373,maple hill,6/20/2015,25,in collection box 13a,,
13a,0377,maple hill,6/20/2015,25,in collection box 13a,,
13a,0378,maple hill,6/20/2015,25,in collection box 13a,,
13a,0379,maple hill,6/20/2015,25,in collection box 13a,,
13a,0380,maple hill,6/20/2015,25,in collection box 13a,,
13a,0383,maple hill,6/26/2015,26,in collection box 13a,,
13a,0384,maple hill,6/26/2015,26,in collection box 13a,,
13a,0385,maple hill,6/26/2015,26,in collection box 13a,,
13a,0386,maple hill,6/26/2015,26,in collection box 13a,,
13a,0387,maple hill,6/26/2015,26,in collection box 13a,,
13a,0388,maple hill,6/26/2015,26,in collection box 13a,,
13a,0389,maple hill,6/26/2015,26,in collection box 13a,,
13a,0390,maple hill,7/4/2015,27,in collection box 13a,,
13a,0392,maple hill,6/26/2015,26,in collection box 13a,,
13a,0393,maple hill,6/26/2015,26,in collection box 13a,,
13a,0394,maple hill,6/26/2015,26,in collection box 13a,,
13a,0395,maple hill,7/4/2015,27,in collection box 13a,,
13a,0396,maple hill,7/4/2015,27,in collection box 13a,,
13a,0397,maple hill,7/4/2015,27,in collection box 13a,,
13a,0398,maple hill,7/4/2015,27,in collection box 13a,,
13a,0399,maple hill,7/4/2015,27,in collection box 13a,,
13a,0400,maple hill,7/4/2015,27,in collection box 13a,,
13a,0401,maple hill,7/4/2015,27,in collection box 13a,,
13a,0402,maple hill,7/4/2015,27,in collection box 13a,,
13a,0403,maple hill,7/4/2015,27,in collection box 13a,,
13a,0429,maple hill,6/13/2015,24,in collection box 13a,,
13b,2002,maple hill,8/29/2015,35,in collection box 13b,,
13b,2056,maple hill,8/8/2015,32,in collection box 13b,,
13b,2057,maple hill,8/8/2015,32,in collection box 13b,,
13b,2058,maple hill,8/8/2015,32,in collection box 13b,,
13b,2059,maple hill,8/8/2015,32,in collection box 13b,,
13b,2060,maple hill,8/8/2015,32,in collection box 13b,,
13b,2061,maple hill,8/8/2015,32,in collection box 13b,,
13b,2062,maple hill,8/8/2015,32,in collection box 13b,,
13b,2063,maple hill,8/8/2015,32,in collection box 13b,,
13b,2065,maple hill,8/14/2015,33,in collection box 13b,,
13b,2066,maple hill,8/14/2015,33,in collection box 13b,,
13b,2070,maple hill,8/14/2015,33,in collection box 13b,,
13b,2071,maple hill,8/14/2015,33,in collection box 13b,,
13b,2075,maple hill,8/14/2015,33,in collection box 13b,,
13b,2076,maple hill,8/14/2015,33,in collection box 13b,,
13b,2077,maple hill,8/14/2015,33,in collection box 13b,,
13b,2080,maple hill,8/22/2015,34,in collection box 13b,,
13b,2085,maple hill,8/22/2015,34,in collection box 13b,,
13b,2086,maple hill,8/22/2015,34,in collection box 13b,,
13b,2090,maple hill,8/22/2015,34,in collection box 13b,,
13b,2091,maple hill,8/29/2015,35,in collection box 13b,,
13b,2094,maple hill,8/29/2015,35,in collection box 13b,,
13b,2095,maple hill,8/29/2015,35,in collection box 13b,,
13b,2096,maple hill,8/22/2015,34,in collection box 13b,,
13b,2097,maple hill,8/29/2015,35,in collection box 13b,,
13b,2100,maple hill,8/29/2015,35,in collection box 13b,,
13b,2101,maple hill,8/29/2015,35,in collection box 13b,,
13c,2113,maple hill,7/25/2015,30,in collection box 13c,,
13c,2114,maple hill,7/25/2015,30,in collection box 13c,,
13c,2118,maple hill,7/25/2015,30,in collection box 13c,,
13c,2119,maple hill,7/25/2015,30,in collection box 13c,,
13c,2232,maple hill,7/25/2015,30,in collection box 13c,,
13c,2233,maple hill,7/25/2015,30,in collection box 13c,,
13c,2235,maple hill,7/25/2015,30,in collection box 13c,,
13c,2236,maple hill,7/25/2015,30,in collection box 13c,,
13c,2237,maple hill,7/25/2015,30,in collection box 13c,,
13c,2238,maple hill,7/25/2015,30,in collection box 13c,,
13c,2240,maple hill,7/18/2015,29,in collection box 13c,,
13c,2241,maple hill,7/18/2015,29,in collection box 13c,,
13c,2242,maple hill,7/18/2015,29,in collection box 13c,,
13c,2243,maple hill,7/18/2015,29,in collection box 13c,,
13c,2244,maple hill,7/18/2015,29,in collection box 13c,,
13c,2245,maple hill,7/18/2015,29,in collection box 13c,,
13c,2246,maple hill,7/18/2015,29,in collection box 13c,,
13c,2247,maple hill,7/18/2015,29,in collection box 13c,,
13c,2248,maple hill,7/18/2015,29,in collection box 13c,,
13c,2250,maple hill,7/18/2015,29,in collection box 13c,,
13c,2252,maple hill,8/1/2015,31,in collection box 13c,,
13c,2255,maple hill,8/1/2015,31,in collection box 13c,,
13c,2256,maple hill,8/1/2015,31,in collection box 13c,,
13c,2257,maple hill,8/1/2015,31,in collection box 13c,,
13c,2258,maple hill,8/1/2015,31,in collection box 13c,,
13c,2259,maple hill,8/1/2015,31,in collection box 13c,,
13c,2260,maple hill,8/1/2015,31,in collection box 13c,,
13c,2261,maple hill,8/1/2015,31,in collection box 13c,,
13c,2262,maple hill,8/1/2015,31,in collection box 13c,,
13c,2263,maple hill,8/1/2015,31,in collection box 13c,,
14a,0358,brown lane,6/13/2015,24,in collection box 14a,,
14a,0363,brown lane,6/13/2015,24,in collection box 14a,,
14a,0364,brown lane,6/13/2015,24,in collection box 14a,,
14a,0365,brown lane,6/13/2015,24,in collection box 14a,,
14a,0366,brown lane,6/13/2015,24,in collection box 14a,,
14a,0367,brown lane,6/13/2015,24,in collection box 14a,,
14a,0368,brown lane,6/13/2015,24,in collection box 14a,,
14a,0369,brown lane,6/13/2015,24,in collection box 14a,,
14a,0406,brown lane,6/26/2015,26,in collection box 14a,,
14a,0407,brown lane,6/20/2015,25,in collection box 14a,,
14a,0412,brown lane,6/26/2015,26,in collection box 14a,,
14a,0413,brown lane,6/20/2015,25,in collection box 14a,,
14a,0416,brown lane,6/26/2015,26,in collection box 14a,,
14a,0417,brown lane,6/26/2015,26,in collection box 14a,,
14a,0422,brown lane,6/26/2015,26,in collection box 14a,,
14a,0423,brown lane,6/20/2015,25,in collection box 14a,,
14a,0427,brown lane,6/26/2015,26,in collection box 14a,,
14a,0432,brown lane,6/26/2015,26,in collection box 14a,,
14a,0433,brown lane,6/20/2015,25,in collection box 14a,,
14a,0437,brown lane,6/26/2015,26,in collection box 14a,,
14a,0442,brown lane,6/26/2015,26,in collection box 14a,,
14a,0443,brown lane,6/20/2015,25,in collection box 14a,,
14a,0447,brown lane,6/20/2015,25,in collection box 14a,,
14a,0448,brown lane,6/20/2015,25,in collection box 14a,,
14a,0453,brown lane,6/20/2015,25,in collection box 14a,,
14a,1864,brown lane,7/4/2015,27,in collection box 14a,,
14a,1865,brown lane,7/4/2015,27,in collection box 14a,,
14a,1866,brown lane,7/4/2015,27,in collection box 14a,,
14a,1867,brown lane,7/4/2015,27,in collection box 14a,,
14a,1868,brown lane,7/4/2015,27,in collection box 14a,,
14a,1869,brown lane,7/4/2015,27,in collection box 14a,,
14a,1870,brown lane,7/4/2015,27,in collection box 14a,,
14a,1872,brown lane,7/4/2015,27,in collection box 14a,,
14a,1877,brown lane,7/4/2015,27,in collection box 14a,,
14a,8888,brown lane,6/20/2015,25,in collection box 14a,,
14B,1873,brown lane,8/22/2015,34,in collection box 14B,,
14B,1874,brown lane,8/22/2015,34,in collection box 14B,,
14B,1882,brown lane,8/22/2015,34,in collection box 14B,,
14B,1888,brown lane,8/14/2015,33,in collection box 14B,,
14B,1892,brown lane,8/14/2015,33,in collection box 14B,,
14B,1893,brown lane,8/14/2015,33,in collection box 14B,,
14B,1894,brown lane,8/8/2015,32,in collection box 14B,,
14B,1895,brown lane,8/8/2015,32,in collection box 14B,,
14B,1896,brown lane,8/8/2015,32,in collection box 14B,,
14B,1897,brown lane,8/14/2015,33,in collection box 14B,,
14B,1898,brown lane,8/14/2015,33,in collection box 14B,,
14B,1902,brown lane,8/8/2015,32,in collection box 14B,,
14B,1903,brown lane,8/8/2015,32,in collection box 14B,,
14B,1906,brown lane,8/8/2015,32,in collection box 14B,,
14B,1907,brown lane,8/8/2015,32,in collection box 14B,,
14B,1909,brown lane,8/14/2015,33,in collection box 14B,,
14c,2009,brown lane,7/25/2015,30,in collection box 14C,,
14c,2010,brown lane,7/18/2015,29,in collection box 14C,,
14c,2011,brown lane,7/18/2015,29,in collection box 14C,,
14c,2013,brown lane,7/25/2015,30,in collection box 14C,,
14c,2014,brown lane,7/18/2015,29,in collection box 14C,,
14c,2015,brown lane,7/18/2015,29,in collection box 14C,,
14c,2016,brown lane,7/11/2015,28,in collection box 14C,,
14c,2018,brown lane,7/25/2015,30,in collection box 14C,,
14c,2019,brown lane,7/18/2015,29,in collection box 14C,,
14c,2020,brown lane,7/18/2015,29,in collection box 14C,,
14c,2021,brown lane,7/11/2015,28,in collection box 14C,,
14c,2022,brown lane,8/1/2015,31,in collection box 14C,,
14c,2023,brown lane,7/25/2015,30,in collection box 14C,,
14c,2024,brown lane,7/25/2015,30,in collection box 14C,,
14c,2025,brown lane,7/18/2015,29,in collection box 14C,,
14c,2026,brown lane,7/11/2015,28,in collection box 14C,,
14c,2027,brown lane,8/1/2015,31,in collection box 14C,,
14c,2028,brown lane,7/25/2015,30,in collection box 14C,,
14c,2031,brown lane,7/11/2015,28,in collection box 14C,,
14c,2032,brown lane,8/1/2015,31,in collection box 14C,,
14c,2033,brown lane,8/1/2015,31,in collection box 14C,,
14c,2034,brown lane,7/25/2015,30,in collection box 14C,,
14c,2036,brown lane,7/11/2015,28,in collection box 14C,,
14c,2037,brown lane,8/1/2015,31,in collection box 14C,,
14c,2038,brown lane,7/25/2015,30,in collection box 14C,,
14c,2041,brown lane,7/11/2015,28,in collection box 14C,,
14c,2042,brown lane,8/1/2015,31,in collection box 14C,,
14c,2043,brown lane,8/1/2015,31,in collection box 14C,,
14c,2045,brown lane,7/18/2015,29,in collection box 14C,,
14c,2047,brown lane,8/1/2015,31,in collection box 14C,,
14c,2048,brown lane,7/25/2015,30,in collection box 14C,,
14c,2051,brown lane,7/11/2015,28,in collection box 14C,,
14c,2052,brown lane,8/1/2015,31,in collection box 14C,,
14c,2054,brown lane,7/18/2015,29,in collection box 14C,,
14c,2055,brown lane,7/11/2015,28,in collection box 14C,,
1A,1706,Hopkinton,8/3/2015,32,in collection box 1A,,
1A,1707,Hopkinton,8/3/2015,32,in collection box 1A,,
1A,1708,Hopkinton,8/3/2015,32,in collection box 1A,,
1A,1709,Hopkinton,8/3/2015,32,in collection box 1A,,
1A,1710,Hopkinton,8/3/2015,32,in collection box 1A,,
1A,1711,Hopkinton,8/3/2015,32,in collection box 1A,,
1A,1712,Hopkinton,8/3/2015,32,in collection box 1A,,
1A,1713,Hopkinton,8/3/2015,32,in collection box 1A,,
1A,1714,Hopkinton,8/3/2015,32,in collection box 1A,,
1A,1715,Hopkinton,8/3/2015,32,in collection box 1A,,
1A,1718,Hopkinton,8/10/2015,33,in collection box 1A,,
1A,1719,Hopkinton,8/10/2015,33,in collection box 1A,,
1A,1720,Hopkinton,8/10/2015,33,in collection box 1A,,
1A,1721,Hopkinton,8/10/2015,33,in collection box 1A,,
1A,1722,Hopkinton,8/10/2015,33,in collection box 1A,,
1A,1723,Hopkinton,8/10/2015,33,in collection box 1A,,
1A,1724,Hopkinton,8/10/2015,33,in collection box 1A,,
1A,1725,Hopkinton,8/10/2015,33,in collection box 1A,,
1A,1726,Hopkinton,8/10/2015,33,in collection box 1A,,
1A,1727,Hopkinton,8/10/2015,33,in collection box 1A,,
1A,1730,Hopkinton,8/17/2015,34,in collection box 1A,,
1A,1731,Hopkinton,8/17/2015,34,in collection box 1A,,
1A,1732,Hopkinton,8/17/2015,34,in collection box 1A,,
1A,1733,Hopkinton,8/17/2015,34,in collection box 1A,,
1A,1734,Hopkinton,8/17/2015,34,in collection box 1A,,
1A,1735,Hopkinton,8/17/2015,34,in collection box 1A,,
1A,1736,Hopkinton,8/17/2015,34,in collection box 1A,,
1A,1737,Hopkinton,8/17/2015,34,in collection box 1A,,
1A,1738,Hopkinton,8/17/2015,34,in collection box 1A,,
1A,1739,Hopkinton,8/17/2015,34,in collection box 1A,,
1A,1742,Hopkinton,8/24/2015,35,in collection box 1A,,
1A,1743,Hopkinton,8/24/2015,35,in collection box 1A,,
1A,1744,Hopkinton,8/24/2015,35,in collection box 1A,,
1A,1745,Hopkinton,8/24/2015,35,in collection box 1A,,
1A,1746,Hopkinton,8/24/2015,35,in collection box 1A,,
1A,1747,Hopkinton,8/24/2015,35,in collection box 1A,,
1A,1748,Hopkinton,8/24/2015,35,in collection box 1A,,
1A,1749,Hopkinton,8/24/2015,35,in collection box 1A,,
1A,1750,Hopkinton,8/24/2015,35,in collection box 1A,,
1A,1751,Hopkinton,8/24/2015,35,in collection box 1A,,
1B,1611,Hopkinton,7/29/2015,31,collection box 1B,,
1B,1612,Hopkinton,7/29/2015,31,collection box 1B,,
1B,1613,Hopkinton,7/29/2015,31,collection box 1B,,
1B,1614,Hopkinton,7/29/2015,31,collection box 1B,,
1B,1615,Hopkinton,7/29/2015,31,collection box 1B,,
1B,1616,Hopkinton,7/29/2015,31,collection box 1B,,
1B,1617,Hopkinton,7/29/2015,31,collection box 1B,,
1B,1618,Hopkinton,7/29/2015,31,collection box 1B,,
1B,1619,Hopkinton,7/29/2015,31,collection box 1B,,
1B,1623,Hopkinton,7/20/2015,30,collection box 1B,,
1B,1624,Hopkinton,7/20/2015,30,collection box 1B,,
1B,1625,Hopkinton,7/20/2015,30,collection box 1B,,
1B,1626,Hopkinton,7/20/2015,30,collection box 1B,,
1B,1627,Hopkinton,7/20/2015,30,collection box 1B,,
1B,1628,Hopkinton,7/20/2015,30,collection box 1B,,
1B,1629,Hopkinton,7/20/2015,30,collection box 1B,,
1B,1630,Hopkinton,7/20/2015,30,collection box 1B,,
1B,1631,Hopkinton,7/20/2015,30,collection box 1B,,
1B,1637,Hopkinton,7/13/2015,29,collection box 1B,,
1B,1638,Hopkinton,7/13/2015,29,collection box 1B,,
1B,1639,Hopkinton,7/13/2015,29,collection box 1B,,
1B,1640,Hopkinton,7/13/2015,29,collection box 1B,,
1B,1641,Hopkinton,7/13/2015,29,collection box 1B,,
1B,1642,Hopkinton,7/13/2015,29,collection box 1B,,
1B,1643,Hopkinton,7/13/2015,29,collection box 1B,,
1B,1653,Hopkinton,7/6/2015,28,collection box 1B,,
1B,1654,Hopkinton,7/6/2015,28,collection box 1B,,
1B,1655,Hopkinton,7/6/2015,28,collection box 1B,,
1C,1451,Hopkinton,8/31/2015,36,in collection box 1C,,
1C,1452,Hopkinton,8/31/2015,36,in collection box 1C,,
1C,1453,Hopkinton,8/31/2015,36,in collection box 1C,,
1C,1454,Hopkinton,8/31/2015,36,in collection box 1C,,
1C,1455,Hopkinton,8/31/2015,36,in collection box 1C,,
1C,1456,Hopkinton,8/31/2015,36,in collection box 1C,,
1C,1457,Hopkinton,8/31/2015,36,in collection box 1C,,
1C,1458,Hopkinton,8/31/2015,36,in collection box 1C,,
1C,1459,Hopkinton,8/31/2015,36,in collection box 1C,,
1C,1463,Hopkinton,9/9/2015,37,in collection box 1C,,
1C,1464,Hopkinton,9/9/2015,37,in collection box 1C,,
1C,1465,Hopkinton,9/9/2015,37,in collection box 1C,,
1C,1466,Hopkinton,9/9/2015,37,in collection box 1C,,
1C,1467,Hopkinton,9/9/2015,37,in collection box 1C,,
1C,1468,Hopkinton,9/9/2015,37,in collection box 1C,,
1C,1469,Hopkinton,9/9/2015,37,in collection box 1C,,
1C,1470,Hopkinton,9/9/2015,37,in collection box 1C,,
1C,1471,Hopkinton,9/9/2015,37,in collection box 1C,,
1C,1474,Hopkinton,9/18/2015,38,in collection box 1C,,
1C,1475,Hopkinton,9/18/2015,38,in collection box 1C,,
1C,1476,Hopkinton,9/18/2015,38,in collection box 1C,,
1C,1477,Hopkinton,9/18/2015,38,in collection box 1C,,
1C,1478,Hopkinton,9/18/2015,38,in collection box 1C,,
1C,1479,Hopkinton,9/18/2015,38,in collection box 1C,,
1C,1480,Hopkinton,9/18/2015,38,in collection box 1C,,
1C,1481,Hopkinton,9/18/2015,38,in collection box 1C,,
1C,1482,Hopkinton,9/18/2015,38,in collection box 1C,,
1C,1483,Hopkinton,9/18/2015,38,in collection box 1C,,
1C,1486,Hopkinton,9/23/2015,39,in collection box 1C,,
1C,1487,Hopkinton,9/23/2015,39,in collection box 1C,,
1C,1488,Hopkinton,9/23/2015,39,in collection box 1C,,
1C,1489,Hopkinton,9/23/2015,39,in collection box 1C,,
1C,1490,Hopkinton,9/23/2015,39,in collection box 1C,,
1C,1491,Hopkinton,9/23/2015,39,in collection box 1C,,
1C,1492,Hopkinton,9/23/2015,39,in collection box 1C,,
1C,1493,Hopkinton,9/23/2015,39,in collection box 1C,,
1C,1494,Hopkinton,9/23/2015,39,in collection box 1C,,
1C,1495,Hopkinton,9/23/2015,39,in collection box 1C,,
2,0239,fox state,7/12/2015,28,in collection box,,
2,0252,fox state,7/12/2015,28,in collection box,,
2,0256,fox state,7/12/2015,28,in collection box,,
2,0263,fox state,7/12/2015,28,in collection box,,
2,0265,fox state,7/12/2015,28,in collection box,,
2,1097,fox state,7/19/2015,29,in collection box,,
2,1244,fox state,7/19/2015,29,in collection box,,
2,1249,fox state,7/19/2015,29,in collection box,,
2,1303,fox state,7/19/2015,29,in collection box,,
2,1308,fox state,7/19/2015,29,in collection box,,
2,1324,fox state,7/19/2015,29,in collection box,,
2,1328,fox state,7/19/2015,29,in collection box,,
2,1340,fox state,8/9/2015,32,in collection box 2,,
2,1344,fox state,8/9/2015,32,in collection box 2,,
2,1347,fox state,8/9/2015,32,in collection box 2,,
2,1353,fox state,8/9/2015,32,in collection box 2,,
2,1356,fox state,8/9/2015,32,in collection box 2,,
2,1357,fox state,8/9/2015,32,in collection box 2,,
2,1358,fox state,8/9/2015,32,in collection box 2,,
2,1359,fox state,8/9/2015,32,in collection box 2,,
2,1360,fox state,8/9/2015,32,in collection box 2,,
2,1365,fox state,8/9/2015,32,in collection box 2,,
2,1445,fox state,8/2/2015,31,in collection box 2,,
2,1446,fox state,8/2/2015,31,in collection box 2,,
2,1498,fox state,6/29/2015,27,in collection box,,
2,1499,fox state,6/29/2015,27,in collection box,,
2,1503,fox state,6/29/2015,27,in collection box,,
2,1673,fox state,8/2/2015,31,in collection box 2,,
2,1674,fox state,8/2/2015,31,in collection box 2,,
2,1675,fox state,8/2/2015,31,in collection box 2,,
2,1677,fox state,8/2/2015,31,in collection box 2,,
2,1678,fox state,8/2/2015,31,in collection box 2,,
2,1679,fox state,8/2/2015,31,in collection box 2,,
2A,1217,wilton,8/24/2015,35,in collection box 2A,,
2A,1218,wilton,8/20/2015,34,in collection box 2A,,
2A,1219,wilton,8/20/2015,34,in collection box 2A,,
2A,1222,wilton,8/20/2015,34,in collection box 2A,,
2A,1223,wilton,8/20/2015,34,in collection box 2A,,
2A,1225,wilton,8/24/2015,35,in collection box 2A,,
2A,1226,wilton,8/24/2015,35,in collection box 2A,,
2A,1227,wilton,8/20/2015,34,in collection box 2A,,
2A,1228,wilton,8/20/2015,34,in collection box 2A,,
2A,1230,wilton,8/24/2015,35,in collection box 2A,,
2A,1231,wilton,8/24/2015,35,in collection box 2A,,
2A,1232,wilton,8/20/2015,34,in collection box 2A,,
2A,1234,wilton,8/24/2015,35,in collection box 2A,,
2A,1235,wilton,8/24/2015,35,in collection box 2A,,
2A,1236,wilton,8/20/2015,34,in collection box 2A,,
2A,1237,wilton,8/20/2015,34,in collection box 2A,,
2A,1238,wilton,8/24/2015,35,in collection box 2A,,
2A,1239,wilton,8/24/2015,35,in collection box 2A,,
4A,1256,Swanzey,7/22/2015,30,in collection box 4A,,
4A,1257,Swanzey,8/4/2015,32,in collection box 4A,,
4A,1259,Swanzey,7/15/2015,29,in collection box 4A,,
4A,1260,Swanzey,7/22/2015,30,in collection box 4A,,
4A,1261,Swanzey,7/27/2015,31,in collection box 4A,,
4A,1262,Swanzey,8/4/2015,32,in collection box 4A,,
4A,1263,Swanzey,8/4/2015,32,in collection box 4A,,
4A,1264,Swanzey,7/15/2015,29,in collection box 4A,,
4A,1266,Swanzey,7/22/2015,30,in collection box 4A,,
4A,1267,Swanzey,7/27/2015,31,in collection box 4A,,
4A,1268,Swanzey,8/4/2015,32,in collection box 4A,,
4A,1269,Swanzey,7/15/2015,29,in collection box 4A,,
4A,1270,Swanzey,7/22/2015,30,in collection box 4A,,
4A,1271,Swanzey,7/27/2015,31,in collection box 4A,,
4A,1272,Swanzey,8/4/2015,32,in collection box 4A,,
4A,1273,Swanzey,8/4/2015,32,in collection box 4A,,
4A,1274,Swanzey,7/15/2015,29,in collection box 4A,,
4A,1275,Swanzey,7/15/2015,29,in collection box 4A,,
4A,1276,Swanzey,7/22/2015,30,in collection box 4A,,
4A,1279,Swanzey,7/27/2015,31,in collection box 4A,,
4A,1280,Swanzey,7/22/2015,30,in collection box 4A,,
4A,1281,Swanzey,7/27/2015,31,in collection box 4A,,
4A,1282,Swanzey,8/4/2015,32,in collection box 4A,,
4A,1283,Swanzey,7/27/2015,31,in collection box 4A,,
4A,1284,Swanzey,7/15/2015,29,in collection box 4A,,
4A,1285,Swanzey,7/15/2015,29,in collection box 4A,,
4A,1286,Swanzey,7/22/2015,30,in collection box 4A,,
4A,1287,Swanzey,7/27/2015,31,in collection box 4A,,
4A,1288,Swanzey,8/4/2015,32,in collection box 4A,,
4A,1289,Swanzey,7/15/2015,29,in collection box 4A,,
4A,1290,Swanzey,7/22/2015,30,in collection box 4A,,
4A,1291,Swanzey,7/27/2015,31,in collection box 4A,,
4A,1292,Swanzey,8/4/2015,32,in collection box 4A,,
4A,1293,Swanzey,8/4/2015,32,in collection box 4A,,
4A,1294,Swanzey,7/15/2015,29,in collection box 4A,,
4A,1295,Swanzey,7/15/2015,29,in collection box 4A,,
4A,1296,Swanzey,7/22/2015,30,in collection box 4A,,
4A,1297,Swanzey,7/27/2015,31,in collection box 4A,,
4A,1299,Swanzey,7/15/2015,29,in collection box 4A,,
4A,1300,Swanzey,7/22/2015,30,in collection box 4A,,
4A,1301,Swanzey,7/27/2015,31,in collection box 4A,,
4C,1048,Swanzey,8/26/2015,35,in collection box 4c,,
4C,1050,Swanzey,8/7/2015,32,in collection box 4c,,
4C,1052,Swanzey,8/7/2015,32,in collection box 4c,,
4C,1054,Swanzey,8/11/2015,33,in collection box 4c,,
4C,1055,Swanzey,9/9/2015,37,in collection box 4c,,
4C,1056,Swanzey,9/9/2015,37,in collection box 4c,,
4C,1057,Swanzey,8/7/2015,32,in collection box 4c,,
4C,1058,Swanzey,9/9/2015,37,in collection box 4c,,
4C,1059,Swanzey,8/26/2015,35,in collection box 4c,,
4C,1060,Swanzey,8/26/2015,35,in collection box 4c,,
4C,1061,Swanzey,8/26/2015,35,in collection box 4c,,
4C,1062,Swanzey,8/20/2015,34,in collection box 4c,,
4C,1063,Swanzey,8/26/2015,35,in collection box 4c,,
4C,1063,Swanzey,9/9/2015,37,in collection box 4c,,
4C,1064,Swanzey,8/16/2015,33,in collection box 4c,,
4C,1065,Swanzey,8/11/2015,33,in collection box 4c,,
4C,1066,Swanzey,8/16/2015,33,in collection box 4c,,
4C,1068,Swanzey,8/26/2015,35,in collection box 4c,,
4C,1069,Swanzey,8/26/2015,35,in collection box 4c,,
4C,1070,Swanzey,9/9/2015,37,in collection box 4c,,
4C,1072,Swanzey,8/16/2015,33,in collection box 4c,,
4C,1074,Swanzey,8/16/2015,33,in collection box 4c,,
4C,1075,Swanzey,8/20/2015,34,in collection box 4c,,
4C,1076,Swanzey,8/16/2015,33,in collection box 4c,,
4C,1077,Swanzey,8/26/2015,35,in collection box 4c,,
4C,1080,Swanzey,8/20/2015,34,in collection box 4c,,
4C,1081,Swanzey,8/11/2015,33,in collection box 4c,,
4C,1082,Swanzey,8/26/2015,35,in collection box 4c,,
4C,1083,Swanzey,8/26/2015,35,in collection box 4c,,
4C,1085,Swanzey,8/16/2015,33,in collection box 4c,,
4C,1086,Swanzey,8/7/2015,32,in collection box 4c,,
4C,1090,Swanzey,8/20/2015,34,in collection box 4c,,
4C,1091,Swanzey,8/11/2015,33,in collection box 4c,,
4C,1092,Swanzey,9/9/2015,37,in collection box 4c,,
4C,1093,Swanzey,9/9/2015,37,in collection box 4c,,
4C,1094,Swanzey,9/9/2015,37,in collection box 4c,,
4C,1095,Swanzey,9/9/2015,37,in collection box 4c,,
4C,1258,Swanzey,9/9/2015,37,in collection box 4c,,
5A,2001,Cornish,8/21/2015,34,in collection box 5A,,
5A,2003,Cornish,8/16/2015,33,in collection box 5A,,
5A,2004,Cornish,8/1/2015,31,in collection box 5A,,
5A,2007,Cornish,8/16/2015,33,in collection box 5A,,
5A,2120,Cornish,8/1/2015,31,in collection box 5A,,
5A,2123,Cornish,8/21/2015,34,in collection box 5A,,
5A,2126,Cornish,8/1/2015,31,in collection box 5A,,
5A,2129,Cornish,8/16/2015,33,in collection box 5A,,
5A,2130,Cornish,8/1/2015,31,in collection box 5A,,
5A,2136,Cornish,8/1/2015,31,in collection box 5A,,
5A,2139,Cornish,8/16/2015,33,in collection box 5A,,
5A,2144,Cornish,8/16/2015,33,in collection box 5A,,
5A,2146,Cornish,8/1/2015,31,in collection box 5A,,
5A,2153,Cornish,8/16/2015,33,in collection box 5A,,
5A,2333,Cornish,8/21/2015,34,in collection box 5A,,
5B,1973,Cornish,7/26/2015,30,in collection box 5B,,
6,0014,Hopkinton,6/15/2015,25,in collection box,,
6,0015,Hopkinton,6/15/2015,25,in collection box,,
6,0016,Hopkinton,6/15/2015,25,in collection box,,
6,0019,Hopkinton,6/22/2015,26,in collection box,,
6,0020,Hopkinton,6/22/2015,26,in collection box,,
6,0572,Hopkinton,6/29/2015,27,in collection box,,
6,0573,Hopkinton,6/29/2015,27,in collection box,,
6,0574,Hopkinton,6/29/2015,27,in collection box,,
6,0575,Hopkinton,6/29/2015,27,in collection box,,
6,0576,Hopkinton,6/29/2015,27,in collection box,,
6,0577,Hopkinton,6/29/2015,27,in collection box,,
6,0578,Hopkinton,6/22/2015,26,in collection box,,
6,0578,Hopkinton,6/22/2015,26,in collection box,,
6,0580,Hopkinton,6/22/2015,26,in collection box,,
6,0581,Hopkinton,6/22/2015,26,in collection box,,
8,0111,wilton,7/10/2015,28,in collection box 8,,
8,0112,wilton,7/10/2015,28,in collection box 8,,
8,0120,wilton,7/10/2015,28,in collection box 8,,
8,0121,wilton,7/10/2015,28,in collection box 8,,
8,0122,wilton,7/10/2015,28,in collection box 8,,
8,0123,wilton,7/10/2015,28,in collection box 8,,
8,0130,wilton,7/19/2015,29,in collection box 8,,
8,0131,wilton,7/19/2015,29,in collection box 8,,
8,0132,wilton,7/19/2015,29,in collection box 8,,
8,0133,wilton,7/19/2015,29,in collection box 8,,
8,0134,wilton,7/19/2015,29,in collection box 8,,
8,0135,wilton,7/19/2015,29,in collection box 8,,
8,1126,wilton,8/13/2015,33,in collection box 8,,
8,1127,wilton,8/13/2015,33,in collection box 8,,
8,1128,wilton,8/13/2015,33,in collection box 8,,
8,1129,wilton,8/13/2015,33,in collection box 8,,
8,1130,wilton,8/13/2015,33,in collection box 8,,
8,1131,wilton,8/13/2015,33,in collection box 8,,
8,1132,wilton,8/13/2015,33,in collection box 8,,
8,1206,wilton,7/2/2015,27,in collection box 8,,
8,1207,wilton,7/2/2015,27,in collection box 8,,
8,1208,wilton,7/2/2015,27,in collection box 8,,
8,1209,wilton,7/2/2015,27,in collection box 8,,
8,1210,wilton,7/2/2015,27,in collection box 8,,
8,1212,wilton,7/2/2015,27,in collection box 8,,
9,0142,Greenfield,7/5/2015,27,in collection box 9,,
9,0168,Greenfield,7/5/2015,27,in collection box 9,,
99j,2341,fox state,8/23/2015,34,in collection box 99j,,
99j,2345,fox state,8/23/2015,34,in collection box 99j,,
99j,2346,fox state,8/23/2015,34,in collection box 99j,,
99j,2355,fox state,8/23/2015,34,in collection box 99j,,
99j,2356,fox state,8/23/2015,34,in collection box 99j,,
99j,2360,fox state,8/23/2015,34,in collection box 99j,,
99j,2370,fox state,8/23/2015,34,in collection box 99j,,
99j,2376,fox state,8/23/2015,34,in collection box 99j,,
99j,2380,fox state,8/23/2015,34,in collection box 99j,,
DRO DNA box 1,0083,wilton,5/31/2015,22,"sample destroyed, gDNA in freezer",,
DRO DNA box 1,0084,wilton,5/31/2015,22,"sample destroyed, gDNA in freezer",,
DRO DNA box 1,0087,wilton,5/31/2015,22,"sample destroyed, gDNA in freezer",,
DRO DNA box 1,0088A,wilton,5/31/2015,22,"sample destroyed, gDNA in freezer",,
DRO DNA box 1,0244,willard,8/2/2015,31,"sample destroyed, gDNA in freezer",,
DRO DNA box 1,0247,fox state,7/12/2015,28,"sample destroyed, gDNA in freezer",,
DRO DNA box 1,0473,willard,8/2/2015,31,"sample destroyed, gDNA in freezer",,
DRO DNA box 1,0477,willard,8/2/2015,31,"sample destroyed, gDNA in freezer",,
DRO DNA box 1,0489,unknown,unknown,#VALUE!,"sample destroyed, gDNA in freezer",,
DRO DNA box 1,0494,willard,8/2/2015,31,"sample destroyed, gDNA in freezer",,
DRO DNA box 1,0506A,willard,5/31/2015,22,"sample destroyed, gDNA in freezer",,
DRO DNA box 1,0507A,willard,5/31/2015,22,"sample destroyed, gDNA in freezer",,
DRO DNA box 1,0516A,willard,5/31/2015,22,"sample destroyed, gDNA in freezer",,
DRO DNA box 1,0517A,willard,5/31/2015,22,"sample destroyed, gDNA in freezer",,
DRO DNA box 1,0538,willard,8/9/2015,32,"sample destroyed, gDNA in freezer",,
DRO DNA box 1,0539,willard,8/9/2015,32,"sample destroyed, gDNA in freezer",,
DRO DNA box 1,0544,willard,8/9/2015,32,"sample destroyed, gDNA in freezer",,
DRO DNA box 1,0547,fox state,8/9/2015,32,"sample destroyed, gDNA in freezer",,
DRO DNA box 1,0548,willard,8/9/2015,32,"sample destroyed, gDNA in freezer",,
DRO DNA box 1,0552,fox state,8/9/2015,32,"sample destroyed, gDNA in freezer",,
DRO DNA box 1,0558,fox state,8/9/2015,32,"sample destroyed, gDNA in freezer",,
DRO DNA box 1,0563,willard,8/9/2015,32,"sample destroyed, gDNA in freezer",,
DRO DNA box 1,0564,willard,8/9/2015,32,"sample destroyed, gDNA in freezer",,
DRO DNA box 1,1327,fox state,7/19/2015,29,"sample destroyed, gDNA in freezer",,
DRO DNA box 1,1432,willard,8/2/2015,31,"sample destroyed, gDNA in freezer",,
DRO DNA box 1,1433,willard,8/2/2015,31,"sample destroyed, gDNA in freezer",,
DRO DNA box 1,1436,willard,8/2/2015,31,"sample destroyed, gDNA in freezer",,
DRO DNA box 1,1437,willard,8/2/2015,31,"sample destroyed, gDNA in freezer",,
DRO DNA box 1,1438,unknown,unknown,#VALUE!,"sample destroyed, gDNA in freezer",,
DRO DNA box 1,1443,willard,8/2/2015,31,"sample destroyed, gDNA in freezer",,
DRO DNA box 1,9001,massabesic,7/26/2015,30,"sample destroyed, gDNA in freezer",,
DRO DNA box 1,9002,massabesic,7/26/2015,30,"sample destroyed, gDNA in freezer",,
DRO DNA box 1,9003,massabesic,7/26/2015,30,"sample destroyed, gDNA in freezer",,
DRO DNA box 1,9004,massabesic,7/26/2015,30,"sample destroyed, gDNA in freezer",,
DRO DNA box 1,9005,massabesic,7/26/2015,30,"sample destroyed, gDNA in freezer",,
DRO DNA box 1,9006,massabesic,7/26/2015,30,"sample destroyed, gDNA in freezer",,
DRO DNA box 1,9009,,,53,"sample destroyed, gDNA in freezer",,
DRO DNA box 1,9010,,,53,"sample destroyed, gDNA in freezer",,
DRO DNA box 1,9011,,,53,"sample destroyed, gDNA in freezer",,
DRO DNA box 1,9012,fox state,8/2/2015,31,"sample destroyed, gDNA in freezer",,
DRO DNA box 1,9012,fox state,8/2/2015,31,"sample destroyed, gDNA in freezer",,
DRO DNA box 1,9013,fox state,8/2/2015,31,"sample destroyed, gDNA in freezer",,
DRO DNA box 1,9013,fox state,8/2/2015,31,"sample destroyed, gDNA in freezer",,
DRO DNA box 1,9017,fox state,8/2/2015,31,"sample destroyed, gDNA in freezer",,
DRO DNA box 1,9017,fox state,8/2/2015,31,"sample destroyed, gDNA in freezer",,
DRO DNA box 1,M-C2,,,53,"sample destroyed, gDNA in freezer",,
DRO DNA box 1,M-OC1,,,53,"sample destroyed, gDNA in freezer",,
DRO DNA box 1,M001,,,53,"sample destroyed, gDNA in freezer",,
DRO DNA box 1,M002,,,53,"sample destroyed, gDNA in freezer",,
DRO DNA box 1,M003,,,53,"sample destroyed, gDNA in freezer",,
DRO DNA box 1,M004,,,53,"sample destroyed, gDNA in freezer",,
DRO DNA box 1,M006,,,53,"sample destroyed, gDNA in freezer",,
DRO DNA box 1,N-B3,,,53,"sample destroyed, gDNA in freezer",,
DRO DNA box 1,O-B1,,,53,"sample destroyed, gDNA in freezer",,
DRO DNA box 1,O-B3,,,53,"sample destroyed, gDNA in freezer",,
DRO DNA box 1,O-C1,,,53,"sample destroyed, gDNA in freezer",,
DRO DNA box 1,O-C2,,,53,"sample destroyed, gDNA in freezer",,
DRO DNA box 1,O-C3,,,53,"sample destroyed, gDNA in freezer",,
DRO DNA box 1,O-C4,,,53,"sample destroyed, gDNA in freezer",,
DRO DNA box 1,O-C6,,,53,"sample destroyed, gDNA in freezer",,