CoverCode,value,Site,Distance,CoverClass,CoverGroup,CoverGroupClass
110,0.5102040816326531,ALS,1000 m,Residential|Commercial|Industrial,1,Urban
110,0.96579476861167,BRN,1000 m,Residential|Commercial|Industrial,1,Urban
110,0.30612244897959184,FOX,1000 m,Residential|Commercial|Industrial,1,Urban
110,4.63265306122449,CHI,1000 m,Residential|Commercial|Industrial,1,Urban
110,0.30612244897959184,MAP,1000 m,Residential|Commercial|Industrial,1,Urban
110,3.4693877551020407,EPS,1000 m,Residential|Commercial|Industrial,1,Urban
110,3.9207507820646503,COR,1000 m,Residential|Commercial|Industrial,1,Urban
110,0.5714285714285714,CNB,1000 m,Residential|Commercial|Industrial,1,Urban
110,2.1730382293762576,SWZ,1000 m,Residential|Commercial|Industrial,1,Urban
110,0.5510204081632654,WLT,1000 m,Residential|Commercial|Industrial,1,Urban
110,4.469387755102041,ROL,1000 m,Residential|Commercial|Industrial,1,Urban
110,0.4081632653061224,MTV,1000 m,Residential|Commercial|Industrial,1,Urban
110,0.5510204081632654,GRN,1000 m,Residential|Commercial|Industrial,1,Urban
110,2.0408163265306123,HOL,1000 m,Residential|Commercial|Industrial,1,Urban
110,20.448979591836732,PEN,1000 m,Residential|Commercial|Industrial,1,Urban
140,2.7364185110663986,BRN,1000 m,Transportation,1,Urban
140,1.7346938775510203,CNA,1000 m,Transportation,1,Urban
140,3.612244897959184,ALS,1000 m,Transportation,1,Urban
140,6.700201207243461,SWZ,1000 m,Transportation,1,Urban
140,6.36734693877551,WLT,1000 m,Transportation,1,Urban
140,6.755102040816325,CHI,1000 m,Transportation,1,Urban
140,1.7755102040816324,CNB,1000 m,Transportation,1,Urban
140,5.1020408163265305,MTV,1000 m,Transportation,1,Urban
140,3.959183673469388,HOL,1000 m,Transportation,1,Urban
140,5.1020408163265305,EPS,1000 m,Transportation,1,Urban
140,0.6326530612244898,GIL,1000 m,Transportation,1,Urban
140,14.857142857142858,ROL,1000 m,Transportation,1,Urban
140,2.020408163265306,FOX,1000 m,Transportation,1,Urban
140,19.857142857142858,PEN,1000 m,Transportation,1,Urban
140,5.21376433785193,COR,1000 m,Transportation,1,Urban
140,2.6530612244897958,GRN,1000 m,Transportation,1,Urban
140,3.693877551020408,MAS,1000 m,Transportation,1,Urban
140,1.673469387755102,MAP,1000 m,Transportation,1,Urban
140,1.183673469387755,HOP,1000 m,Transportation,1,Urban
211,4.387755102040816,PEN,1000 m,Row crops,2,Agriculture
211,0.30612244897959184,CNA,1000 m,Row crops,2,Agriculture
211,1.4688128772635816,BRN,1000 m,Row crops,2,Agriculture
211,0.7346938775510204,MAP,1000 m,Row crops,2,Agriculture
211,0.6122448979591837,CHI,1000 m,Row crops,2,Agriculture
211,0.10204081632653061,ALS,1000 m,Row crops,2,Agriculture
211,1.1224489795918369,WLT,1000 m,Row crops,2,Agriculture
211,2.2448979591836737,EPS,1000 m,Row crops,2,Agriculture
211,0.22448979591836735,CNB,1000 m,Row crops,2,Agriculture
211,5,ROL,1000 m,Row crops,2,Agriculture
212,3.4081632653061225,MAS,1000 m,Hay pasture,2,Agriculture
212,13.816326530612244,CHI,1000 m,Hay pasture,2,Agriculture
212,14.828973843058352,BRN,1000 m,Hay pasture,2,Agriculture
212,13.530612244897961,MTV,1000 m,Hay pasture,2,Agriculture
212,8.571428571428571,FOX,1000 m,Hay pasture,2,Agriculture
212,18.775510204081634,ALS,1000 m,Hay pasture,2,Agriculture
212,13.943661971830986,SWZ,1000 m,Hay pasture,2,Agriculture
212,4.326530612244897,GIL,1000 m,Hay pasture,2,Agriculture
212,15.571428571428573,WLT,1000 m,Hay pasture,2,Agriculture
212,6.244897959183674,CNA,1000 m,Hay pasture,2,Agriculture
212,4.775510204081633,WLD,1000 m,Hay pasture,2,Agriculture
212,5.142857142857142,GRN,1000 m,Hay pasture,2,Agriculture
212,10.346938775510203,PEN,1000 m,Hay pasture,2,Agriculture
212,3.510204081632653,HOL,1000 m,Hay pasture,2,Agriculture
212,9.326530612244897,EPS,1000 m,Hay pasture,2,Agriculture
212,19.775510204081634,MAP,1000 m,Hay pasture,2,Agriculture
212,14.775510204081632,ROL,1000 m,Hay pasture,2,Agriculture
212,19.326530612244895,CNB,1000 m,Hay pasture,2,Agriculture
212,7.361835245046924,COR,1000 m,Hay pasture,2,Agriculture
212,13,HOP,1000 m,Hay pasture,2,Agriculture
221,1.0408163265306123,CNA,1000 m,Orchards,2,Agriculture
221,0.9183673469387754,ROL,1000 m,Orchards,2,Agriculture
221,1.5510204081632653,WLT,1000 m,Orchards,2,Agriculture
221,3.420523138832998,BRN,1000 m,Orchards,2,Agriculture
221,2.122448979591837,MTV,1000 m,Orchards,2,Agriculture
221,0.6122448979591837,CNB,1000 m,Orchards,2,Agriculture
221,1.3877551020408165,MAP,1000 m,Orchards,2,Agriculture
412,13.612244897959183,WLT,1000 m,Beech|Oak,4,Forest
412,2.469387755102041,ROL,1000 m,Beech|Oak,4,Forest
412,17.26530612244898,ALS,1000 m,Beech|Oak,4,Forest
412,4.36734693877551,CHI,1000 m,Beech|Oak,4,Forest
412,20.90543259557344,BRN,1000 m,Beech|Oak,4,Forest
412,14.387755102040817,FOX,1000 m,Beech|Oak,4,Forest
412,36.26530612244898,HOL,1000 m,Beech|Oak,4,Forest
412,25.53061224489796,CNB,1000 m,Beech|Oak,4,Forest
412,12.632653061224492,MAS,1000 m,Beech|Oak,4,Forest
412,17.26530612244898,MAP,1000 m,Beech|Oak,4,Forest
412,6.938775510204081,PEN,1000 m,Beech|Oak,4,Forest
412,2.8772635814889336,SWZ,1000 m,Beech|Oak,4,Forest
412,41.40816326530612,WLD,1000 m,Beech|Oak,4,Forest
412,16.918367346938776,MTV,1000 m,Beech|Oak,4,Forest
412,13.285714285714286,GIL,1000 m,Beech|Oak,4,Forest
412,18.510204081632654,HOP,1000 m,Beech|Oak,4,Forest
412,9.718456725755996,COR,1000 m,Beech|Oak,4,Forest
412,10.224489795918366,GRN,1000 m,Beech|Oak,4,Forest
412,26.10204081632653,CNA,1000 m,Beech|Oak,4,Forest
412,4.571428571428571,EPS,1000 m,Beech|Oak,4,Forest
414,0.8163265306122449,ALS,1000 m,Paper birch|Aspen,4,Forest
414,0.30612244897959184,CNB,1000 m,Paper birch|Aspen,4,Forest
414,0.3469387755102041,CHI,1000 m,Paper birch|Aspen,4,Forest
414,0.2857142857142857,FOX,1000 m,Paper birch|Aspen,4,Forest
414,2.3877551020408165,WLT,1000 m,Paper birch|Aspen,4,Forest
414,0.14285714285714285,PEN,1000 m,Paper birch|Aspen,4,Forest
414,0.18769551616266947,COR,1000 m,Paper birch|Aspen,4,Forest
414,0.163265306122449,GRN,1000 m,Paper birch|Aspen,4,Forest
414,0.8651911468812877,BRN,1000 m,Paper birch|Aspen,4,Forest
414,3.9999999999999996,WLD,1000 m,Paper birch|Aspen,4,Forest
414,0.7142857142857143,CNA,1000 m,Paper birch|Aspen,4,Forest
414,0.16096579476861167,SWZ,1000 m,Paper birch|Aspen,4,Forest
414,0.163265306122449,MTV,1000 m,Paper birch|Aspen,4,Forest
414,0.04081632653061225,HOP,1000 m,Paper birch|Aspen,4,Forest
414,1.6938775510204083,GIL,1000 m,Paper birch|Aspen,4,Forest
414,0.5918367346938775,MAP,1000 m,Paper birch|Aspen,4,Forest
419,4.755102040816326,ROL,1000 m,Other hardwood,4,Forest
419,2.653061224489796,ALS,1000 m,Other hardwood,4,Forest
419,3.551020408163265,MAS,1000 m,Other hardwood,4,Forest
419,1.489795918367347,WLT,1000 m,Other hardwood,4,Forest
419,0.7243460764587526,SWZ,1000 m,Other hardwood,4,Forest
419,2.3877551020408165,GRN,1000 m,Other hardwood,4,Forest
419,5.530612244897959,HOL,1000 m,Other hardwood,4,Forest
419,2.979591836734694,HOP,1000 m,Other hardwood,4,Forest
419,3.2448979591836737,PEN,1000 m,Other hardwood,4,Forest
419,8.448979591836734,EPS,1000 m,Other hardwood,4,Forest
419,4.245472837022134,BRN,1000 m,Other hardwood,4,Forest
419,3.4693877551020407,GIL,1000 m,Other hardwood,4,Forest
419,7.489795918367347,WLD,1000 m,Other hardwood,4,Forest
419,0.14285714285714285,CHI,1000 m,Other hardwood,4,Forest
419,2.7959183673469385,FOX,1000 m,Other hardwood,4,Forest
419,0.9387755102040816,MTV,1000 m,Other hardwood,4,Forest
419,3.7142857142857144,CNB,1000 m,Other hardwood,4,Forest
419,2.606882168925965,COR,1000 m,Other hardwood,4,Forest
419,1.530612244897959,MAP,1000 m,Other hardwood,4,Forest
419,3.061224489795918,CNA,1000 m,Other hardwood,4,Forest
421,11.795918367346939,ALS,1000 m,White|Red pine,4,Forest
421,2.4489795918367347,PEN,1000 m,White|Red pine,4,Forest
421,9.204081632653061,WLT,1000 m,White|Red pine,4,Forest
421,5.775510204081632,FOX,1000 m,White|Red pine,4,Forest
421,17.84708249496982,BRN,1000 m,White|Red pine,4,Forest
421,0.9387755102040816,WLD,1000 m,White|Red pine,4,Forest
421,25.387755102040817,GRN,1000 m,White|Red pine,4,Forest
421,7.387755102040816,MAS,1000 m,White|Red pine,4,Forest
421,3.8979591836734695,ROL,1000 m,White|Red pine,4,Forest
421,38.40816326530612,CHI,1000 m,White|Red pine,4,Forest
421,19.244897959183675,EPS,1000 m,White|Red pine,4,Forest
421,10.877551020408164,HOP,1000 m,White|Red pine,4,Forest
421,18.672032193158955,SWZ,1000 m,White|Red pine,4,Forest
421,19.63265306122449,MAP,1000 m,White|Red pine,4,Forest
421,7.142857142857142,GIL,1000 m,White|Red pine,4,Forest
421,8.571428571428571,HOL,1000 m,White|Red pine,4,Forest
421,23.897959183673468,MTV,1000 m,White|Red pine,4,Forest
421,2.673469387755102,CNB,1000 m,White|Red pine,4,Forest
421,6.816326530612245,CNA,1000 m,White|Red pine,4,Forest
421,23.628779979144944,COR,1000 m,White|Red pine,4,Forest
422,0.163265306122449,WLT,1000 m,Spruce|Fir,4,Forest
422,0.3877551020408163,HOL,1000 m,Spruce|Fir,4,Forest
422,0.7959183673469388,PEN,1000 m,Spruce|Fir,4,Forest
422,1.2448979591836735,FOX,1000 m,Spruce|Fir,4,Forest
422,0.653061224489796,ALS,1000 m,Spruce|Fir,4,Forest
422,1.8775510204081631,EPS,1000 m,Spruce|Fir,4,Forest
422,2.5352112676056335,SWZ,1000 m,Spruce|Fir,4,Forest
422,0.18367346938775508,MTV,1000 m,Spruce|Fir,4,Forest
422,11.83673469387755,GRN,1000 m,Spruce|Fir,4,Forest
422,0.8979591836734694,MAP,1000 m,Spruce|Fir,4,Forest
422,0.489795918367347,HOP,1000 m,Spruce|Fir,4,Forest
422,0.6237424547283702,BRN,1000 m,Spruce|Fir,4,Forest
422,2.3877551020408165,WLD,1000 m,Spruce|Fir,4,Forest
422,3.938775510204082,CHI,1000 m,Spruce|Fir,4,Forest
422,1.1224489795918369,GIL,1000 m,Spruce|Fir,4,Forest
422,1.4598540145985404,COR,1000 m,Spruce|Fir,4,Forest
422,0.4285714285714286,CNA,1000 m,Spruce|Fir,4,Forest
423,5.408163265306122,WLT,1000 m,Hemlock,4,Forest
423,1.3877551020408163,HOL,1000 m,Hemlock,4,Forest
423,12.092555331991951,SWZ,1000 m,Hemlock,4,Forest
423,18.081632653061224,FOX,1000 m,Hemlock,4,Forest
423,0.4489795918367347,PEN,1000 m,Hemlock,4,Forest
423,8.142857142857142,GRN,1000 m,Hemlock,4,Forest
423,6.551020408163264,CNB,1000 m,Hemlock,4,Forest
423,3.224489795918367,MTV,1000 m,Hemlock,4,Forest
423,4.081632653061225,CNA,1000 m,Hemlock,4,Forest
423,3.274244004171012,COR,1000 m,Hemlock,4,Forest
423,9.775510204081632,HOP,1000 m,Hemlock,4,Forest
423,4.510204081632653,WLD,1000 m,Hemlock,4,Forest
423,13.428571428571429,GIL,1000 m,Hemlock,4,Forest
423,1.6326530612244896,MAS,1000 m,Hemlock,4,Forest
423,4.0040241448692155,BRN,1000 m,Hemlock,4,Forest
423,6.653061224489797,ALS,1000 m,Hemlock,4,Forest
423,3.6734693877551026,MAP,1000 m,Hemlock,4,Forest
423,0.979591836734694,CHI,1000 m,Hemlock,4,Forest
430,11.040816326530614,HOL,1000 m,Mixed forest,4,Forest
430,23.489795918367346,EPS,1000 m,Mixed forest,4,Forest
430,27.907444668008054,SWZ,1000 m,Mixed forest,4,Forest
430,36.65306122448979,WLT,1000 m,Mixed forest,4,Forest
430,3.571428571428571,PEN,1000 m,Mixed forest,4,Forest
430,27.448979591836736,CNB,1000 m,Mixed forest,4,Forest
430,18.326530612244895,ROL,1000 m,Mixed forest,4,Forest
430,48.42857142857143,GIL,1000 m,Mixed forest,4,Forest
430,27.469387755102044,GRN,1000 m,Mixed forest,4,Forest
430,20.83673469387755,WLD,1000 m,Mixed forest,4,Forest
430,33.163265306122454,MAS,1000 m,Mixed forest,4,Forest
430,23.653061224489797,MAP,1000 m,Mixed forest,4,Forest
430,4.714285714285714,CHI,1000 m,Mixed forest,4,Forest
430,40.30612244897959,HOP,1000 m,Mixed forest,4,Forest
430,41.26530612244898,FOX,1000 m,Mixed forest,4,Forest
430,33.6530612244898,ALS,1000 m,Mixed forest,4,Forest
430,22.961418143899895,COR,1000 m,Mixed forest,4,Forest
430,25.591836734693878,MTV,1000 m,Mixed forest,4,Forest
430,37.04081632653061,CNA,1000 m,Mixed forest,4,Forest
430,22.57545271629779,BRN,1000 m,Mixed forest,4,Forest
500,0.04024144869215292,SWZ,1000 m,Water,5,Water
500,0.2040816326530612,FOX,1000 m,Water,5,Water
500,22.75510204081633,HOL,1000 m,Water,5,Water
500,10.10204081632653,WLD,1000 m,Water,5,Water
500,30.857142857142854,MAS,1000 m,Water,5,Water
500,0.5306122448979592,ROL,1000 m,Water,5,Water
500,0.12244897959183675,WLT,1000 m,Water,5,Water
500,3.551020408163265,CNB,1000 m,Water,5,Water
500,0.7551020408163265,GIL,1000 m,Water,5,Water
500,11.57142857142857,PEN,1000 m,Water,5,Water
500,6.590198123044838,COR,1000 m,Water,5,Water
500,2.4897959183673466,MAP,1000 m,Water,5,Water
500,4.653061224489797,CHI,1000 m,Water,5,Water
500,0.673469387755102,GRN,1000 m,Water,5,Water
500,3,EPS,1000 m,Water,5,Water
500,2.489795918367347,MTV,1000 m,Water,5,Water
500,0.4489795918367347,ALS,1000 m,Water,5,Water
500,1.0462776659959758,BRN,1000 m,Water,5,Water
500,0.06122448979591837,CNA,1000 m,Water,5,Water
610,0.4489795918367347,ROL,1000 m,Wetland:Forested,6,Wetland
610,0.6122448979591837,CNB,1000 m,Wetland:Forested,6,Wetland
610,0.5510204081632654,FOX,1000 m,Wetland:Forested,6,Wetland
610,0.326530612244898,CHI,1000 m,Wetland:Forested,6,Wetland
610,0.5102040816326531,PEN,1000 m,Wetland:Forested,6,Wetland
610,0.163265306122449,GRN,1000 m,Wetland:Forested,6,Wetland
610,1.2653061224489797,EPS,1000 m,Wetland:Forested,6,Wetland
610,0.8571428571428572,MAS,1000 m,Wetland:Forested,6,Wetland
610,2.1632653061224487,CNA,1000 m,Wetland:Forested,6,Wetland
620,1.0408163265306125,MAP,1000 m,Wetland:Open,6,Wetland
620,2.408163265306123,GIL,1000 m,Wetland:Open,6,Wetland
620,2.693877551020408,EPS,1000 m,Wetland:Open,6,Wetland
620,3.6734693877551017,PEN,1000 m,Wetland:Open,6,Wetland
620,0.5306122448979592,ROL,1000 m,Wetland:Open,6,Wetland
620,2.5918367346938775,FOX,1000 m,Wetland:Open,6,Wetland
620,1.3877551020408163,MTV,1000 m,Wetland:Open,6,Wetland
620,0.14285714285714285,WLT,1000 m,Wetland:Open,6,Wetland
620,2.8362877997914495,COR,1000 m,Wetland:Open,6,Wetland
620,0.5306122448979592,WLD,1000 m,Wetland:Open,6,Wetland
620,5.959183673469388,CNB,1000 m,Wetland:Open,6,Wetland
620,1.0462776659959758,BRN,1000 m,Wetland:Open,6,Wetland
620,1.7551020408163265,ALS,1000 m,Wetland:Open,6,Wetland
620,1.971830985915493,SWZ,1000 m,Wetland:Open,6,Wetland
620,1.9183673469387752,GRN,1000 m,Wetland:Open,6,Wetland
620,0.5306122448979592,HOP,1000 m,Wetland:Open,6,Wetland
620,0.8163265306122448,HOL,1000 m,Wetland:Open,6,Wetland
620,4.571428571428571,CHI,1000 m,Wetland:Open,6,Wetland
620,8.816326530612246,CNA,1000 m,Wetland:Open,6,Wetland
710,0.18108651911468815,SWZ,1000 m,Disturbed,7,Disturbed
710,0.7142857142857143,PEN,1000 m,Disturbed,7,Disturbed
710,1.8367346938775508,EPS,1000 m,Disturbed,7,Disturbed
710,0.12244897959183675,HOP,1000 m,Disturbed,7,Disturbed
710,0.8163265306122448,MTV,1000 m,Disturbed,7,Disturbed
710,0.5714285714285714,CHI,1000 m,Disturbed,7,Disturbed
710,0.2857142857142857,WLD,1000 m,Disturbed,7,Disturbed
710,1.4285714285714286,ROL,1000 m,Disturbed,7,Disturbed
710,0.1251303441084463,COR,1000 m,Disturbed,7,Disturbed
710,0.0816326530612245,HOL,1000 m,Disturbed,7,Disturbed
790,3.2857142857142856,GRN,1000 m,Other cleared,7,Cleared
790,10.114702815432745,COR,1000 m,Other cleared,7,Cleared
790,1.1428571428571428,CNB,1000 m,Other cleared,7,Cleared
790,2.183673469387755,HOP,1000 m,Other cleared,7,Cleared
790,5.346938775510203,MAP,1000 m,Other cleared,7,Cleared
790,1.9183673469387752,FOX,1000 m,Other cleared,7,Cleared
790,3.224489795918367,MTV,1000 m,Other cleared,7,Cleared
790,13.428571428571429,EPS,1000 m,Other cleared,7,Cleared
790,3.653061224489796,HOL,1000 m,Other cleared,7,Cleared
790,3.306122448979592,GIL,1000 m,Other cleared,7,Cleared
790,1.3877551020408163,CNA,1000 m,Other cleared,7,Cleared
790,2.816326530612245,MAS,1000 m,Other cleared,7,Cleared
790,3.420523138832998,BRN,1000 m,Other cleared,7,Cleared
790,2.7346938775510203,WLD,1000 m,Other cleared,7,Cleared
790,10.020120724346077,SWZ,1000 m,Other cleared,7,Cleared
790,10.89795918367347,PEN,1000 m,Other cleared,7,Cleared
790,11.16326530612245,CHI,1000 m,Other cleared,7,Cleared
790,1.306122448979592,ALS,1000 m,Other cleared,7,Cleared
790,27.591836734693874,ROL,1000 m,Other cleared,7,Cleared
790,5.653061224489796,WLT,1000 m,Other cleared,7,Cleared
110,0.7045454545454547,ALS,2500 m,Residential|Commercial|Industrial,1,Urban
110,2.3324874466821446,COR,2500 m,Residential|Commercial|Industrial,1,Urban
110,9.711020408163265,PEN,2500 m,Residential|Commercial|Industrial,1,Urban
110,0.935064935064935,HOL,2500 m,Residential|Commercial|Industrial,1,Urban
110,3.3733766233766236,EPS,2500 m,Residential|Commercial|Industrial,1,Urban
110,1.0007747933884297,HOP,2500 m,Residential|Commercial|Industrial,1,Urban
110,1.7175324675324677,WLT,2500 m,Residential|Commercial|Industrial,1,Urban
110,1.383116883116883,CNA,2500 m,Residential|Commercial|Industrial,1,Urban
110,0.23243801652892562,WLD,2500 m,Residential|Commercial|Industrial,1,Urban
110,2.5292656970556937,MAP,2500 m,Residential|Commercial|Industrial,1,Urban
110,2.623376623376623,BRN,2500 m,Residential|Commercial|Industrial,1,Urban
110,0.5064935064935064,GIL,2500 m,Residential|Commercial|Industrial,1,Urban
110,1.0717975206611572,MTV,2500 m,Residential|Commercial|Industrial,1,Urban
110,2.3409090909090913,FOX,2500 m,Residential|Commercial|Industrial,1,Urban
110,2.4987086776859506,CHI,2500 m,Residential|Commercial|Industrial,1,Urban
110,1.2364411157024793,GRN,2500 m,Residential|Commercial|Industrial,1,Urban
110,1.7662337662337664,SWZ,2500 m,Residential|Commercial|Industrial,1,Urban
110,0.794163223140496,MAS,2500 m,Residential|Commercial|Industrial,1,Urban
110,2.4910542251582717,ROL,2500 m,Residential|Commercial|Industrial,1,Urban
110,3.181818181818182,CNB,2500 m,Residential|Commercial|Industrial,1,Urban
140,2.4664256198347103,HOP,2500 m,Transportation,1,Urban
140,4.571280991735538,MTV,2500 m,Transportation,1,Urban
140,0.7037706611570249,WLD,2500 m,Transportation,1,Urban
140,4.076453755196804,COR,2500 m,Transportation,1,Urban
140,10.380408163265304,PEN,2500 m,Transportation,1,Urban
140,2.944805194805195,HOL,2500 m,Transportation,1,Urban
140,4.2678202479338845,MAS,2500 m,Transportation,1,Urban
140,3.8933367768595044,CHI,2500 m,Transportation,1,Urban
140,4.8019480519480515,BRN,2500 m,Transportation,1,Urban
140,2.107142857142857,ALS,2500 m,Transportation,1,Urban
140,2.1948051948051948,GIL,2500 m,Transportation,1,Urban
140,4.757006030507272,MAP,2500 m,Transportation,1,Urban
140,4.152597402597403,EPS,2500 m,Transportation,1,Urban
140,8.528305349114598,ROL,2500 m,Transportation,1,Urban
140,3.831168831168831,FOX,2500 m,Transportation,1,Urban
140,4.288961038961039,SWZ,2500 m,Transportation,1,Urban
140,3.0894886363636362,GRN,2500 m,Transportation,1,Urban
140,2.3311688311688314,CNB,2500 m,Transportation,1,Urban
140,3.506493506493506,CNA,2500 m,Transportation,1,Urban
140,4.704545454545453,WLT,2500 m,Transportation,1,Urban
211,0.3023594838291669,COR,2500 m,Row crops,2,Agriculture
211,0.22598140495867772,CHI,2500 m,Row crops,2,Agriculture
211,0.7981553742461865,MAP,2500 m,Row crops,2,Agriculture
211,0.7564935064935064,BRN,2500 m,Row crops,2,Agriculture
211,0.03571428571428571,CNB,2500 m,Row crops,2,Agriculture
211,0.05194805194805195,FOX,2500 m,Row crops,2,Agriculture
211,1.7045454545454548,EPS,2500 m,Row crops,2,Agriculture
211,0.07792207792207793,ALS,2500 m,Row crops,2,Agriculture
211,5.717551020408163,PEN,2500 m,Row crops,2,Agriculture
211,0.2987012987012987,WLT,2500 m,Row crops,2,Agriculture
211,0.04519628099173554,MTV,2500 m,Row crops,2,Agriculture
211,1.757041930452335,ROL,2500 m,Row crops,2,Agriculture
211,0.2987012987012987,GIL,2500 m,Row crops,2,Agriculture
211,0.5357142857142856,CNA,2500 m,Row crops,2,Agriculture
211,0.13236053719008264,GRN,2500 m,Row crops,2,Agriculture
212,6.164897959183673,PEN,2500 m,Hay pasture,2,Agriculture
212,5.982050619834711,GRN,2500 m,Hay pasture,2,Agriculture
212,2.3409090909090913,HOL,2500 m,Hay pasture,2,Agriculture
212,7.626623376623377,FOX,2500 m,Hay pasture,2,Agriculture
212,7.376623376623377,EPS,2500 m,Hay pasture,2,Agriculture
212,6.563145661157025,HOP,2500 m,Hay pasture,2,Agriculture
212,22.185521607486926,ROL,2500 m,Hay pasture,2,Agriculture
212,19.425324675324678,BRN,2500 m,Hay pasture,2,Agriculture
212,1.8110795454545456,WLD,2500 m,Hay pasture,2,Agriculture
212,21.62823696346222,MAP,2500 m,Hay pasture,2,Agriculture
212,9.13961038961039,CNB,2500 m,Hay pasture,2,Agriculture
212,1.8336776859504134,MAS,2500 m,Hay pasture,2,Agriculture
212,3.25,GIL,2500 m,Hay pasture,2,Agriculture
212,12.109375,MTV,2500 m,Hay pasture,2,Agriculture
212,9.271694214876035,CHI,2500 m,Hay pasture,2,Agriculture
212,10.075049943307596,COR,2500 m,Hay pasture,2,Agriculture
212,10.834415584415586,ALS,2500 m,Hay pasture,2,Agriculture
212,10.996753246753247,SWZ,2500 m,Hay pasture,2,Agriculture
212,7.3603896103896105,CNA,2500 m,Hay pasture,2,Agriculture
212,6.9058441558441555,WLT,2500 m,Hay pasture,2,Agriculture
221,2.8699638429752063,MTV,2500 m,Orchards,2,Agriculture
221,1.0046793283787503,ROL,2500 m,Orchards,2,Agriculture
221,0.05194805194805195,FOX,2500 m,Orchards,2,Agriculture
221,0.09039256198347108,HOP,2500 m,Orchards,2,Agriculture
221,3.1298701298701297,BRN,2500 m,Orchards,2,Agriculture
221,0.43831168831168826,CNB,2500 m,Orchards,2,Agriculture
221,2.5221709826179497,MAP,2500 m,Orchards,2,Agriculture
221,2.7337662337662336,WLT,2500 m,Orchards,2,Agriculture
221,0.8409090909090908,CNA,2500 m,Orchards,2,Agriculture
221,0.032467532467532464,EPS,2500 m,Orchards,2,Agriculture
412,17.93831168831169,FOX,2500 m,Beech|Oak,4,Forest
412,16.95779220779221,EPS,2500 m,Beech|Oak,4,Forest
412,23.025974025974026,CNB,2500 m,Beech|Oak,4,Forest
412,34.520273760330575,WLD,2500 m,Beech|Oak,4,Forest
412,13.004611564384536,MAP,2500 m,Beech|Oak,4,Forest
412,12.493061224489795,PEN,2500 m,Beech|Oak,4,Forest
412,10.532467532467534,SWZ,2500 m,Beech|Oak,4,Forest
412,19.31168831168831,WLT,2500 m,Beech|Oak,4,Forest
412,14.301394628099173,MTV,2500 m,Beech|Oak,4,Forest
412,31.50649350649351,HOL,2500 m,Beech|Oak,4,Forest
412,23.094155844155846,ALS,2500 m,Beech|Oak,4,Forest
412,14.927685950413222,CHI,2500 m,Beech|Oak,4,Forest
412,14.444805194805197,BRN,2500 m,Beech|Oak,4,Forest
412,17.261751033057852,HOP,2500 m,Beech|Oak,4,Forest
412,6.171373036013175,COR,2500 m,Beech|Oak,4,Forest
412,17.126623376623375,GIL,2500 m,Beech|Oak,4,Forest
412,11.486311983471074,MAS,2500 m,Beech|Oak,4,Forest
412,27.96103896103896,CNA,2500 m,Beech|Oak,4,Forest
412,3.0094504082943394,ROL,2500 m,Beech|Oak,4,Forest
412,10.821280991735536,GRN,2500 m,Beech|Oak,4,Forest
414,0.7175324675324676,HOL,2500 m,Paper birch|Aspen,4,Forest
414,0.25974025974025977,SWZ,2500 m,Paper birch|Aspen,4,Forest
414,0.5129870129870129,WLT,2500 m,Paper birch|Aspen,4,Forest
414,0.2199361475700603,MAP,2500 m,Paper birch|Aspen,4,Forest
414,1.2987012987012987,GIL,2500 m,Paper birch|Aspen,4,Forest
414,0.487474173553719,CHI,2500 m,Paper birch|Aspen,4,Forest
414,0.24025974025974028,BRN,2500 m,Paper birch|Aspen,4,Forest
414,0.0783673469387755,PEN,2500 m,Paper birch|Aspen,4,Forest
414,2.116883116883117,ALS,2500 m,Paper birch|Aspen,4,Forest
414,0.048424586776859506,MTV,2500 m,Paper birch|Aspen,4,Forest
414,0.20454545454545453,FOX,2500 m,Paper birch|Aspen,4,Forest
414,0.356352248798661,COR,2500 m,Paper birch|Aspen,4,Forest
414,0.6424328512396693,HOP,2500 m,Paper birch|Aspen,4,Forest
414,1.1980519480519478,CNA,2500 m,Paper birch|Aspen,4,Forest
414,0.6521177685950414,GRN,2500 m,Paper birch|Aspen,4,Forest
414,0.06818181818181819,EPS,2500 m,Paper birch|Aspen,4,Forest
414,4.819860537190083,WLD,2500 m,Paper birch|Aspen,4,Forest
414,0.2857142857142857,CNB,2500 m,Paper birch|Aspen,4,Forest
419,2.289293234706549,COR,2500 m,Other hardwood,4,Forest
419,1.5040794608017027,MAP,2500 m,Other hardwood,4,Forest
419,5.607567148760332,MAS,2500 m,Other hardwood,4,Forest
419,1.6884039256198347,GRN,2500 m,Other hardwood,4,Forest
419,7.892857142857143,HOL,2500 m,Other hardwood,4,Forest
419,1.6883116883116884,BRN,2500 m,Other hardwood,4,Forest
419,10.675324675324676,EPS,2500 m,Other hardwood,4,Forest
419,3.48334194214876,HOP,2500 m,Other hardwood,4,Forest
419,2.8766233766233764,SWZ,2500 m,Other hardwood,4,Forest
419,2.3993506493506493,FOX,2500 m,Other hardwood,4,Forest
419,7.224025974025975,ALS,2500 m,Other hardwood,4,Forest
419,8.771306818181818,WLD,2500 m,Other hardwood,4,Forest
419,0.4099948347107438,MTV,2500 m,Other hardwood,4,Forest
419,5.9546747408019085,ROL,2500 m,Other hardwood,4,Forest
419,4.303673469387754,PEN,2500 m,Other hardwood,4,Forest
419,4.961038961038961,GIL,2500 m,Other hardwood,4,Forest
419,4.201298701298701,CNA,2500 m,Other hardwood,4,Forest
419,2.7731146694214877,CHI,2500 m,Other hardwood,4,Forest
419,4.3441558441558445,CNB,2500 m,Other hardwood,4,Forest
419,0.7272727272727273,WLT,2500 m,Other hardwood,4,Forest
421,9.766233766233768,HOL,2500 m,White|Red pine,4,Forest
421,14.954545454545457,SWZ,2500 m,White|Red pine,4,Forest
421,17.493506493506494,BRN,2500 m,White|Red pine,4,Forest
421,10.892857142857144,FOX,2500 m,White|Red pine,4,Forest
421,19.7978006385243,MAP,2500 m,White|Red pine,4,Forest
421,16.386880165289256,HOP,2500 m,White|Red pine,4,Forest
421,7.396103896103896,CNB,2500 m,White|Red pine,4,Forest
421,20.225335743801654,MTV,2500 m,White|Red pine,4,Forest
421,21.003185573133198,COR,2500 m,White|Red pine,4,Forest
421,7.134555785123968,MAS,2500 m,White|Red pine,4,Forest
421,27.188791322314053,CHI,2500 m,White|Red pine,4,Forest
421,9.133116883116882,CNA,2500 m,White|Red pine,4,Forest
421,12.123376623376624,EPS,2500 m,White|Red pine,4,Forest
421,12.969795918367346,PEN,2500 m,White|Red pine,4,Forest
421,6.974025974025974,GIL,2500 m,White|Red pine,4,Forest
421,12.93181818181818,WLT,2500 m,White|Red pine,4,Forest
421,3.1701962809917363,WLD,2500 m,White|Red pine,4,Forest
421,6.301948051948053,ALS,2500 m,White|Red pine,4,Forest
421,18.908186983471076,GRN,2500 m,White|Red pine,4,Forest
421,7.24378383337921,ROL,2500 m,White|Red pine,4,Forest
422,1.0162337662337662,BRN,2500 m,Spruce|Fir,4,Forest
422,0.5909090909090908,CNA,2500 m,Spruce|Fir,4,Forest
422,1.5915547520661155,HOP,2500 m,Spruce|Fir,4,Forest
422,1.2669387755102042,PEN,2500 m,Spruce|Fir,4,Forest
422,1.892857142857143,GIL,2500 m,Spruce|Fir,4,Forest
422,1.8993506493506493,SWZ,2500 m,Spruce|Fir,4,Forest
422,1.220779220779221,EPS,2500 m,Spruce|Fir,4,Forest
422,0.02259814049586777,MAS,2500 m,Spruce|Fir,4,Forest
422,9.084452479338843,GRN,2500 m,Spruce|Fir,4,Forest
422,5.336389462809917,WLD,2500 m,Spruce|Fir,4,Forest
422,1.2110389610389611,FOX,2500 m,Spruce|Fir,4,Forest
422,1.2467532467532467,HOL,2500 m,Spruce|Fir,4,Forest
422,1.0464703795672226,MAP,2500 m,Spruce|Fir,4,Forest
422,0.5746753246753247,WLT,2500 m,Spruce|Fir,4,Forest
422,1.3474025974025974,CNB,2500 m,Spruce|Fir,4,Forest
422,2.831224173553719,CHI,2500 m,Spruce|Fir,4,Forest
422,1.533394525133632,COR,2500 m,Spruce|Fir,4,Forest
422,1.0292207792207793,ALS,2500 m,Spruce|Fir,4,Forest
422,0.37125516528925623,MTV,2500 m,Spruce|Fir,4,Forest
423,0.49350649350649356,EPS,2500 m,Hemlock,4,Forest
423,4.1980519480519485,HOL,2500 m,Hemlock,4,Forest
423,1.5216326530612243,PEN,2500 m,Hemlock,4,Forest
423,8.061688311688313,SWZ,2500 m,Hemlock,4,Forest
423,5.287964876033058,WLD,2500 m,Hemlock,4,Forest
423,0.600464876033058,MAS,2500 m,Hemlock,4,Forest
423,6.1692923553719,HOP,2500 m,Hemlock,4,Forest
423,7.515495867768594,GRN,2500 m,Hemlock,4,Forest
423,11.055194805194805,GIL,2500 m,Hemlock,4,Forest
423,3.0991735537190084,CHI,2500 m,Hemlock,4,Forest
423,1.982972685349415,MAP,2500 m,Hemlock,4,Forest
423,4.198051948051948,CNA,2500 m,Hemlock,4,Forest
423,7.766233766233767,ALS,2500 m,Hemlock,4,Forest
423,2.0876623376623376,BRN,2500 m,Hemlock,4,Forest
423,0.21561611156986882,ROL,2500 m,Hemlock,4,Forest
423,4.75676259381243,COR,2500 m,Hemlock,4,Forest
423,8.177298553719009,MTV,2500 m,Hemlock,4,Forest
423,8.876623376623376,FOX,2500 m,Hemlock,4,Forest
423,7.788961038961038,WLT,2500 m,Hemlock,4,Forest
423,4.75,CNB,2500 m,Hemlock,4,Forest
424,0.09633911368015415,ROL,2500 m,Pitch pine,4,Forest
430,29.247880783974946,COR,2500 m,Mixed forest,4,Forest
430,18.350478893224548,MAP,2500 m,Mixed forest,4,Forest
430,31.77621384297521,GRN,2500 m,Mixed forest,4,Forest
430,30.818181818181824,SWZ,2500 m,Mixed forest,4,Forest
430,27.035714285714292,EPS,2500 m,Mixed forest,4,Forest
430,32.08290289256198,HOP,2500 m,Mixed forest,4,Forest
430,20.015495867768596,MAS,2500 m,Mixed forest,4,Forest
430,14.272653061224489,PEN,2500 m,Mixed forest,4,Forest
430,31.83441558441558,CNA,2500 m,Mixed forest,4,Forest
430,35.103896103896105,ALS,2500 m,Mixed forest,4,Forest
430,17.402597402597404,HOL,2500 m,Mixed forest,4,Forest
430,30.4448051948052,CNB,2500 m,Mixed forest,4,Forest
430,21.467532467532468,BRN,2500 m,Mixed forest,4,Forest
430,22.37361225800532,ROL,2500 m,Mixed forest,4,Forest
430,21.261621900826448,CHI,2500 m,Mixed forest,4,Forest
430,39.12987012987013,GIL,2500 m,Mixed forest,4,Forest
430,26.394628099173556,WLD,2500 m,Mixed forest,4,Forest
430,29.087035123966942,MTV,2500 m,Mixed forest,4,Forest
430,37.13961038961039,WLT,2500 m,Mixed forest,4,Forest
430,34.89935064935065,FOX,2500 m,Mixed forest,4,Forest
500,18.675324675324678,HOL,2500 m,Water,5,Water
500,2.230759297520661,CHI,2500 m,Water,5,Water
500,1.2805959560127707,MAP,2500 m,Water,5,Water
500,40.97688533057852,MAS,2500 m,Water,5,Water
500,6.068786782571134,COR,2500 m,Water,5,Water
500,1.275974025974026,BRN,2500 m,Water,5,Water
500,2.7175324675324677,EPS,2500 m,Water,5,Water
500,3.7997159090909087,HOP,2500 m,Water,5,Water
500,0.9318181818181818,CNA,2500 m,Water,5,Water
500,2.474025974025974,GIL,2500 m,Water,5,Water
500,1.7337662337662338,FOX,2500 m,Water,5,Water
500,4.038610537190083,WLD,2500 m,Water,5,Water
500,0.8361311983471075,MTV,2500 m,Water,5,Water
500,0.45779220779220786,ALS,2500 m,Water,5,Water
500,8.404897959183673,PEN,2500 m,Water,5,Water
500,1.1137654958677685,GRN,2500 m,Water,5,Water
500,4.179282502981925,ROL,2500 m,Water,5,Water
500,1.9188311688311688,CNB,2500 m,Water,5,Water
500,0.35389610389610393,SWZ,2500 m,Water,5,Water
500,0.525974025974026,WLT,2500 m,Water,5,Water
610,0.20129870129870134,FOX,2500 m,Wetland:Forested,6,Wetland
610,0.1655844155844156,BRN,2500 m,Wetland:Forested,6,Wetland
610,0.39935064935064934,EPS,2500 m,Wetland:Forested,6,Wetland
610,0.9610389610389611,GIL,2500 m,Wetland:Forested,6,Wetland
610,0.487474173553719,WLD,2500 m,Wetland:Forested,6,Wetland
610,0.4132231404958678,CHI,2500 m,Wetland:Forested,6,Wetland
610,0.022727272727272728,HOL,2500 m,Wetland:Forested,6,Wetland
610,0.44408163265306116,PEN,2500 m,Wetland:Forested,6,Wetland
610,1.1040805785123968,GRN,2500 m,Wetland:Forested,6,Wetland
610,0.43582128099173556,MAS,2500 m,Wetland:Forested,6,Wetland
610,0.1295826359267858,COR,2500 m,Wetland:Forested,6,Wetland
610,0.3733766233766234,SWZ,2500 m,Wetland:Forested,6,Wetland
610,0.43582128099173545,HOP,2500 m,Wetland:Forested,6,Wetland
610,0.35324341682723187,ROL,2500 m,Wetland:Forested,6,Wetland
610,0.09577864490954238,MAP,2500 m,Wetland:Forested,6,Wetland
610,0.5454545454545453,CNA,2500 m,Wetland:Forested,6,Wetland
610,0.31168831168831174,CNB,2500 m,Wetland:Forested,6,Wetland
620,2.289293234706549,COR,2500 m,Wetland:Open,6,Wetland
620,0.9312780989081568,ROL,2500 m,Wetland:Open,6,Wetland
620,2.042207792207792,BRN,2500 m,Wetland:Open,6,Wetland
620,2.3376623376623376,CNA,2500 m,Wetland:Open,6,Wetland
620,3.7337662337662345,SWZ,2500 m,Wetland:Open,6,Wetland
620,0.6396103896103897,HOL,2500 m,Wetland:Open,6,Wetland
620,2.053202479338843,WLD,2500 m,Wetland:Open,6,Wetland
620,3.389721074380166,GRN,2500 m,Wetland:Open,6,Wetland
620,0.6655844155844156,ALS,2500 m,Wetland:Open,6,Wetland
620,3.7997159090909087,HOP,2500 m,Wetland:Open,6,Wetland
620,5.4058441558441555,GIL,2500 m,Wetland:Open,6,Wetland
620,0.896103896103896,WLT,2500 m,Wetland:Open,6,Wetland
620,2.204545454545455,EPS,2500 m,Wetland:Open,6,Wetland
620,3.1558441558441563,CNB,2500 m,Wetland:Open,6,Wetland
620,2.9159183673469387,PEN,2500 m,Wetland:Open,6,Wetland
620,1.181559917355372,MTV,2500 m,Wetland:Open,6,Wetland
620,0.5294421487603306,MAS,2500 m,Wetland:Open,6,Wetland
620,2.5923295454545454,CHI,2500 m,Wetland:Open,6,Wetland
620,2.862717275629656,MAP,2500 m,Wetland:Open,6,Wetland
620,2.814935064935065,FOX,2500 m,Wetland:Open,6,Wetland
710,0.03239565898169645,COR,2500 m,Disturbed,7,Disturbed
710,0.1980519480519481,HOL,2500 m,Disturbed,7,Disturbed
710,0.4967532467532468,EPS,2500 m,Disturbed,7,Disturbed
710,0.2227530991735537,CHI,2500 m,Disturbed,7,Disturbed
710,0.6525974025974026,SWZ,2500 m,Disturbed,7,Disturbed
710,1.1850649350649352,CNB,2500 m,Disturbed,7,Disturbed
710,0.13961038961038963,FOX,2500 m,Disturbed,7,Disturbed
710,0.028378857750975522,MAP,2500 m,Disturbed,7,Disturbed
710,0.025826446280991736,GRN,2500 m,Disturbed,7,Disturbed
710,0.21551020408163268,PEN,2500 m,Disturbed,7,Disturbed
710,0.3228305785123967,MTV,2500 m,Disturbed,7,Disturbed
710,0.21952479338842976,WLD,2500 m,Disturbed,7,Disturbed
710,1.032204789430223,ROL,2500 m,Disturbed,7,Disturbed
710,0.5423553719008265,HOP,2500 m,Disturbed,7,Disturbed
710,0.025974025974025976,BRN,2500 m,Disturbed,7,Disturbed
710,0.0909090909090909,GIL,2500 m,Disturbed,7,Disturbed
710,0.16233766233766234,CNA,2500 m,Disturbed,7,Disturbed
710,0.23566632231404958,MAS,2500 m,Disturbed,7,Disturbed
710,0.3051948051948052,WLT,2500 m,Disturbed,7,Disturbed
790,7.314935064935065,BRN,2500 m,Other cleared,7,Cleared
790,2.5162337662337664,ALS,2500 m,Other cleared,7,Cleared
790,9.335349063225527,COR,2500 m,Other cleared,7,Cleared
790,8.967532467532468,EPS,2500 m,Other cleared,7,Cleared
790,9.139591836734692,PEN,2500 m,Other cleared,7,Cleared
790,8.431818181818183,SWZ,2500 m,Other cleared,7,Cleared
790,6.082128099173554,CHI,2500 m,Other cleared,7,Cleared
790,4.371126033057852,MTV,2500 m,Other cleared,7,Cleared
790,2.925324675324675,WLT,2500 m,Other cleared,7,Cleared
790,6.707792207792209,CNB,2500 m,Other cleared,7,Cleared
790,18.643912285530785,ROL,2500 m,Other cleared,7,Cleared
790,1.512987012987013,HOL,2500 m,Other cleared,7,Cleared
790,4.785714285714286,FOX,2500 m,Other cleared,7,Cleared
790,6.059529958677687,MAS,2500 m,Other cleared,7,Cleared
790,2.3798701298701297,GIL,2500 m,Other cleared,7,Cleared
790,3.279220779220779,CNA,2500 m,Other cleared,7,Cleared
790,2.153279958677686,WLD,2500 m,Other cleared,7,Cleared
790,3.4801136363636367,GRN,2500 m,Other cleared,7,Cleared
790,3.683496900826446,HOP,2500 m,Other cleared,7,Cleared
790,7.591344448385952,MAP,2500 m,Other cleared,7,Cleared
